Заголовок,Подзаголовок,Строка
первый заголовок,,
,первый подзаголовок,
,,1 строка
,,2 строка
,,3 строка
,,4 строка
,,5 строка
,второй подзаголовок,
,,1 строка
,,2 строка
,,3 строка
,,4 строка
,,5 строка
,третий подзаголовок,
,,1 строка
,,2 строка
,,3 строка
,,4 строка
,,5 строка
второй заголовок,,
,подзаголовок один,
,,1 строка
,,2 строка
,,3 строка
,,4 строка
,,5 строка
,подзаголовок два,
,,1 строка
,,2 строка
,,3 строка
,,4 строка
,,5 строка
,подзаголовок три,
,,1 строка
,,2 строка
,,3 строка
,,4 строка
,,5 строка