Список заявок на 02:26 28.11.23;;;;;;;;;;;;;;;;;;;;
№ свой;№ чужой;Предприятие;Комплекс;;Состояние заявки;Объект;Оборудование;Оборудование, выводимое в ремонт;Состояние оборудования по заявке;Программа переключений ;Актуализация;Разрешенное время - начало ;Разрешенное время -  конец;Просимое время - начало;Ремонт;Категория;Просрочена;А\Г;Заземление;Условия производства
12502;357350;Litgrid AB;ЛЭП.ЛЭП 110 кВ;;Рассмотренная;ПС 110 кВ Кибартай;ВЛ 110 кВ О-15 Нестеров – Кибартай (Л-130);;с отключением;ТП №31 по выводу в ремонт ВЛ 110 кВ О-15 Нестеров - Кибартай (Л-130) и ТПП №32 по вводу в работу ВЛ 110 кВ О-15 Нестеров - Кибартай (Л-130), утв. 20.02.2023г.;да;17:00 04.12.23;17:00 06.02.24;17:00 04.12.23;ВПр;ПЛ;;ВЗ;Да; 
12507;6728;Кольское РДУ;РЗА.РА.ОПРЧ;;Рассмотренная;Кольская АЭС;ОПРЧ Блока 1;;с отключением;Пусто;;08:00 04.12.23;17:00 04.12.23;08:00 04.12.23;НГ;ПЛ;;ВЗ;;без отключения ЛЭП (оборудования)
12402;6180;Новгородское РДУ;РЗА.ПА;;Рассмотренная;ПС 330 кВ Чудово;МКПА 1 комплект ВЛ 330 кВ Чудово – Окуловская (АЛАР, КПР, АОПО, АРПМ, ФОЛ, ФРТ Ч-О-Б-Н);;без отключения;Пусто;да;08:00 01.12.23;17:00 01.12.23;08:00 01.12.23;ЗРР;НПЛ;;00:10;;без отключения ЛЭП (оборудования)
12403;6181;Новгородское РДУ;РЗА.ПА;;Рассмотренная;ПС 330 кВ Чудово;МКПА 2 комплект ВЛ 330 кВ Чудово – Окуловская (АЛАР, КПР, АОПО, АРПМ, ФОЛ, ФРТ Ч-О-Б-Н);;без отключения;Пусто;да;08:00 01.12.23;17:00 01.12.23;08:00 01.12.23;ЗРР;НПЛ;;00:10;;без отключения ЛЭП (оборудования)
12558;20558;Ленинградское РДУ;РЗА.ПА;;Рассмотренная;ПС 750 кВ Ленинградская;АОПО АТ-1;;без отключения;Пусто;да;08:00 01.12.23;20:00 01.12.23;08:00 01.12.23;ЗРР;НПЛ;;00:05;;без отключения ЛЭП (оборудования)
12559;20559;Ленинградское РДУ;РЗА.ПА;;Рассмотренная;ПС 750 кВ Ленинградская;АОПО АТ-2;;без отключения;Пусто;да;08:00 01.12.23;20:00 01.12.23;08:00 01.12.23;ЗРР;НПЛ;;00:05;;без отключения ЛЭП (оборудования)
12451;6476;Новгородское РДУ;СДТУ.СДТУ Н;;Разрешенная;ПС 330 кВ Юго-Западная;СДТУ направления Новгородское РДУ – ПС 330 кВ Юго-Западная;"Мультиплексор UMUX-1500 NE 100586;
Мультиплексор ABB FOX-515 ПС 330 кВ Юго-Западная";с отключением;Пусто;;00:00 01.12.23;24:00 10.12.23;00:00 01.12.23;ВПр;НПЛ;;ВЗ;;без отключения ЛЭП (оборудования)
12574;967;Ленинградская АЭС;ЭНРГ.Б;;Рассмотренная;Ленинградская АЭС;Блок 5;;с отключением;П - технологический регламент РГ.1723.СТУ.16, Инструкция по эксплуатации ТГ 1.ИЭ.2344.ТЦ20.;да;00:00 01.12.23;24:00 31.12.23;00:00 01.12.23;АР;АВ;;ВЗ;; 
12681;41144;ЦДУ;АСДУ.ПАК;;Разрешенная;ЦДУ;CK11.Proxy;;без отключения;Пусто;;13:00 30.11.23;16:00 30.11.23;13:00 30.11.23;П;НПЛ;;00:10;;без отключения ЛЭП (оборудования)
12464;0;ОДУ Северо-Запада;АСДУ.ПАК;;Разрешенная;ОДУ Северо-Запада;Автоматическая система сбора информации с регистраторов СМПР (АС СИ СМПР);;без отключения;Пусто;;09:00 30.11.23;17:00 30.11.23;09:00 30.11.23;ОПО;НПЛ;;00:20;; 
12493;0;ОДУ Северо-Запада;ЭЛТ.Прочее ЭЛТ;;Разрешенная;ОДУ Северо-Запада;Снижение надежности системы бесперебойного или гарантированного электроснабжения диспетчерского центра ОДУ Северо-Запада;;с отключением;Пусто;;10:00 29.11.23;16:30 29.11.23;10:00 29.11.23;ЗРР;ПЛ;;00:30;; 
12460;20702;Ленинградское РДУ;РЗА.РА.АВРЧМ;;Разрешенная;Верхне-Свирская ГЭС (ГЭС-12);АВРЧМ Верхне-Свирской ГЭС (ГЭС-12);;с отключением;Пусто;;09:05 29.11.23;17:00 30.11.23;09:05 29.11.23;НГ;НПЛ;;ВЗ;; 
12206;20326;Ленинградское РДУ;СДТУ.СДТУ ДЦ;;Разрешенная;Ленинградское РДУ;СДТУ Ленинградского РДУ;;без отключения;Пусто;;09:00 29.11.23;15:00 07.12.23;09:00 29.11.23;ЗРР;НПЛ;;00:15;; 
12252;6386;Новгородское РДУ;ЭЛТ.В.В 330 кВ;;Разрешенная;ПС 330 кВ Псков;В 358 АТ-1;;с отключением;Б от 29.11.23;;09:00 29.11.23;24:00 30.11.23;09:00 29.11.23;ВПр;НПЛ;;02:00;;без разборки токовых цепей
12253;6387;Новгородское РДУ;РЗА.РЗ;;Разрешенная;ПС 330 кВ Псков;Комплект автоматики В 358 АТ-1 (АУВ, УРОВ, АПВ, ФОЛ) (6MD66);;с отключением;Б от 29.11.23;;09:00 29.11.23;24:00 30.11.23;09:00 29.11.23;ВПр;НПЛ;;02:00;; 
12254;6389;Новгородское РДУ;РЗА.РЗ;;Разрешенная;ПС 330 кВ Псков;Комплект РЗА В 412 АТ-2 (АУВ, УРОВ, АПВ) (6MD66);;с отключением;Б от 29.11.23;;09:00 29.11.23;24:00 30.11.23;09:00 29.11.23;ВПр;НПЛ;;02:00;; 
12350;0;ОДУ Северо-Запада;АСДУ.ПАК;;Разрешенная;Северо-Западная ТЭЦ;Программный комплекс Заявки;;с отключением;Пусто;;09:00 29.11.23;17:00 29.11.23;09:00 29.11.23;П;НПЛ;;00:30;; 
12401;6388;Новгородское РДУ;ЭЛТ.В.В 330 кВ;;Разрешенная;ПС 330 кВ Псков;В 412 АТ-2;;с отключением;Б от 29.11.23;;09:00 29.11.23;24:00 30.11.23;09:00 29.11.23;ВПр;НПЛ;;02:00;;без разборки токовых цепей
12443;20302;Ленинградское РДУ;СДТУ.СДТУ Н;;Рассмотренная;ПС 750 кВ Ленинградская;СДТУ направления Ленинградское РДУ – ПС 750 кВ Ленинградская;;с отключением;П 2023-АСУ-ТО-2;;09:00 29.11.23;16:00 01.12.23;09:00 29.11.23;П;ПЛ;;01:00;;без отключения ЛЭП (оборудования)
12459;20841;Ленинградское РДУ;АСДУ.ПАК;;Рассмотренная;Ленинградское РДУ;CK11.Proxy;;без отключения;Пусто;;09:00 29.11.23;16:00 29.11.23;09:00 29.11.23;ОПО;НПЛ;;00:10;; 
12478;0;ОДУ Северо-Запада;СДТУ.СДТУ ДЦ;;Разрешенная;ОДУ Северо-Запада;СДТУ ОДУ Северо-Запада;;без отключения;Пусто;;09:00 29.11.23;18:00 30.11.23;09:00 29.11.23;ВП;НПЛ;;00:30;; 
12551;21003;Ленинградское РДУ;ЛЭП.ЛЭП 330 кВ;;Разрешенная;МЭС Северо-Запада;ВЛ 330 кВ Выборгская – Каменногорская;;без отключения;Пусто;;09:00 29.11.23;17:00 29.12.23;09:00 29.11.23;ЗРР;ПЛ;;00:30;; 
12554;4776;Коми РДУ;АСДУ.ПАК;;Разрешенная;Коми РДУ;CK11.Proxy;;без отключения;Пусто;;09:00 29.11.23;20:00 29.11.23;09:00 29.11.23;ОПО;НПЛ;;00:30;; 
12672;4827;Коми РДУ;АСДУ.ПАК;;Разрешенная;Коми РДУ;ИУС «Система мониторинга запасов устойчивости» (ИУС СМЗУ Коми РДУ);;с отключением;Пусто;;09:00 29.11.23;16:00 29.11.23;09:00 29.11.23;ОПО;НПЛ;;00:30;; 
12269;6420;Карельское РДУ;СДТУ.СДТУ Н;;Рассмотренная;Ондская ГЭС (ГЭС-4);СДТУ направления Карельское РДУ – Ондская ГЭС (ГЭС-4);;без отключения;КП;;08:00 29.11.23;17:00 01.12.23;08:00 29.11.23;Н;НПЛ;;00:05;;без отключения ЛЭП (оборудования)
12409;20303;Ленинградское РДУ;РЗА.ПА;;Разрешенная;ПС 330 кВ Сясь;Комплект ПА №2 ВЛ 330 кВ Сясь – Петрозаводск (ФОЛ, АЛАР, АОПН, УРОВ АОПН);;с отключением;Б;;08:00 29.11.23;24:00 30.11.23;08:00 29.11.23;ВП;НПЛ;;04:00;;без отключения ЛЭП (оборудования)
12625;0;ОДУ Северо-Запада;СДТУ.СДТУ Н;;Рассмотренная;ОДУ Северо-Запада;СДТУ направления ОДУ Северо-Запада – Коми РДУ;;без отключения;Пусто;;01:00 29.11.23;05:40 29.11.23;01:00 29.11.23;К;НПЛ;;ВЗ;; 
12644;1152;Киришская ГРЭС;ЭНРГ.Б;;Разрешенная;Киришская ГРЭС;Блок 1;;с отключением;Пусто;;00:01 29.11.23;24:00 25.12.23;00:01 29.11.23;ХР;НПЛ;;ВЗ;; 
11947;4616;Коми РДУ;ЭЛТ.В.В 220 кВ;;Разрешенная;Печорская ГРЭС;ОШВ-1;;с отключением;Б;;00:00 29.11.23;24:00 04.12.23;00:00 29.11.23;ВПр;НПЛ;;04:00;;с разборкой токовых цепей
12154;20158;МЭС Северо-Запада;РЗА.РЗ;;Разрешенная;ПС 330 кВ Колпино;ДЗШ 2 комплект 3 СШ 330 (7UT63);;с отключением;Б;;00:00 29.11.23;24:00 30.11.23;00:00 29.11.23;ВП;ПЛ;;01:00;;без отключения ЛЭП (оборудования)
12522;20744;Ленинградское РДУ;ЭЛТ.АТ,Т.АТ,Т 330 кВ;;Разрешенная;ПС 330 кВ Ржевская;АТ-1;;с отключением;П Вывод 122/144, ввод 123/145 от 15.11.2023;да;00:00 29.11.23;24:00 30.11.23;00:00 29.11.23;БВР;НПЛ;;04:00;; 
12525;20746;Ленинградское РДУ;ЭЛТ.В.В 110 кВ;;Разрешенная;ПС 330 кВ Ржевская;1В-110 АТ-1;;с отключением;Б;;00:00 29.11.23;24:00 30.11.23;00:00 29.11.23;ВПр;НПЛ;;04:00;; 
12616;4384;Балтийское РДУ;ЭНРГ.Б;;Разрешенная;Прегольская ТЭС;Блок 3;;с отключением;Пусто;;15:01 28.11.23;00:59 01.01.24;15:01 28.11.23;ХР;НПЛ;;ВЗ;; 
12385;0;ОДУ Северо-Запада;АСДУ.ПАК;;Разрешенная;ОДУ Северо-Запада;ПАК «MODES-Terminal»;;с отключением;КП;;13:00 28.11.23;18:00 28.11.23;13:00 28.11.23;ОПО;НПЛ;;00:25;; 
12607;40684;ЦДУ;АСДУ.ПАК;;Разрешенная;ЦДУ;ПАК «MODES-Terminal»;;с отключением;Пусто;;10:30 28.11.23;14:30 28.11.23;10:30 28.11.23;ОПО;НПЛ;;00:15;; 
12442;20804;Ленинградское РДУ;СДТУ.СДТУ Н;;Разрешенная;ТЭЦ ПГУ ГСР Энерго;СДТУ направления Ленинградское РДУ – ТЭЦ ПГУ ГСР Энерго;;без отключения;Пусто;;10:00 28.11.23;15:30 16.12.23;10:00 28.11.23;ВП;НПЛ;;01:00;; 
12450;4341;Балтийское РДУ;АСДУ.ПАК;;Разрешенная;Балтийское РДУ;ПАК «MODES-Terminal»;;с отключением;Пусто;;10:00 28.11.23;18:00 28.11.23;10:00 28.11.23;ОПО;НПЛ;;00:30;; 
12606;39616;ЦДУ;АСДУ.ОИК;;Разрешенная;ЦДУ;ИУС «ОИК СК-11»;;с отключением;Пусто;;10:00 28.11.23;15:00 28.11.23;10:00 28.11.23;П;НПЛ;;01:00;; 
12419;20745;Ленинградское РДУ;АСДУ.ПАК;;Разрешенная;Ленинградское РДУ;ПАК «MODES-Terminal»;;без отключения;Пусто;;09:30 28.11.23;12:30 28.11.23;09:30 28.11.23;ОПО;НПЛ;;00:30;; 
12454;0;ОДУ Северо-Запада;ЭЛТ.Прочее ЭЛТ;;Разрешенная;Ленинградское РДУ;Снижение надежности системы бесперебойного или гарантированного электроснабжения диспетчерского центра Ленинградское РДУ;;без отключения;Б;;09:30 28.11.23;16:30 28.11.23;09:30 28.11.23;ЗРР;ПЛ;;00:30;; 
12118;0;ОДУ Северо-Запада;АСДУ.СС;;Разрешенная;ОДУ Северо-Запада;Корпоративная интеграционно-транспортная система (КИТС);;с отключением;Пусто;;09:00 28.11.23;18:00 30.11.23;09:00 28.11.23;ОПО;НПЛ;;00:15;; 
12247;0;ОДУ Северо-Запада;РЗА.РА;;Разрешенная;ОДУ Северо-Запада;ЦС АРЧМ ОЭС Северо-Запада;;без отключения;Пусто;;09:00 28.11.23;18:00 28.11.23;09:00 28.11.23;ВПр;НПЛ;;00:10;; 
12395;6445;Карельское РДУ;СДТУ.СДТУ Н;;Разрешенная;ПС 330 кВ Петрозаводск;СДТУ направления Карельское РДУ – ПС 330 кВ Петрозаводск;;с отключением;Пусто;;09:00 28.11.23;24:00 30.11.23;09:00 28.11.23;К;ПЛ;;00:15;;с включением на ночь
12417;20268;Ленинградское РДУ;СДТУ.СДТУ Н;;Разрешенная;ПС 750 кВ Ленинградская;СДТУ направления Ленинградское РДУ – ПС 750 кВ Ленинградская;;с отключением;П 2023-АСУ-2;;09:00 28.11.23;24:00 28.11.23;09:00 28.11.23;ВП;ПЛ;;01:00;;без отключения ЛЭП (оборудования)
12604;40821;ЦДУ;СДТУ.СДТУ Н;;Разрешенная;ЦДУ;СДТУ направления ЦДУ – ОДУ;;без отключения;Пусто;;09:00 28.11.23;19:00 28.11.23;09:00 28.11.23;ВКЛ;НПЛ;;00:30;; 
12446;6456;Новгородское РДУ;АСДУ.ПАК;;Разрешенная;Новгородское РДУ;ПАК «MODES-Terminal»;;с отключением;Пусто;;08:30 28.11.23;17:00 28.11.23;08:30 28.11.23;ОПО;НПЛ;;00:30;; 
12258;6588;Кольское РДУ;РЗА.РА.ОПРЧ;;Разрешенная;Кольская АЭС;ОПРЧ Блока 2;;с отключением;Пусто;;08:00 28.11.23;17:00 28.11.23;08:00 28.11.23;НГ;ПЛ;;ВЗ;;без отключения ЛЭП (оборудования)
12420;0;ОДУ Северо-Запада;АСДУ.ПАК;;Разрешенная;ОДУ Северо-Запада;CK11.Proxy;;без отключения;Пусто;;08:00 28.11.23;18:00 28.11.23;08:00 28.11.23;ОПО;НПЛ;;00:30;; 
12421;6704;Кольское РДУ;АСДУ.ПАК;;Разрешенная;Кольское РДУ;ПАК «MODES-Terminal»;;с отключением;Пусто;;08:00 28.11.23;24:00 28.11.23;08:00 28.11.23;ОПО;НПЛ;;00:40;; 
12447;6553;Карельское РДУ;АСДУ.ПАК;;Разрешенная;Карельское РДУ;CK11.Proxy;;без отключения;Пусто;;08:00 28.11.23;17:00 30.11.23;08:00 28.11.23;ОПО;НПЛ;;00:30;; 
12546;6738;Кольское РДУ;АСДУ.ПАК;;Разрешенная;Кольское РДУ;CK11.Proxy;;без отключения;Пусто;;08:00 28.11.23;24:00 28.11.23;08:00 28.11.23;ОПО;НПЛ;;ВЗ;; 
12503;20924;Ленинградское РДУ;ЭЛТ.В.В 330 кВ;;Разрешенная;Ленинградская АЭС;В-1 ГТ-4;;с отключением;Б;;07:00 28.11.23;21:00 12.12.23;07:00 28.11.23;ТР;НПЛ;;06:00;;с отключением токовых цепей
12640;6546;Новгородское РДУ;ЭНРГ.Б;;Открытая;Псковская ГРЭС;Блок 2;;с отключением;Пусто;;00:30 28.11.23;24:00 30.12.23;00:30 28.11.23;ХР;НПЛ;;ВЗ;; 
12634;1147;Киришская ГРЭС;ЭНРГ.Б;;Открытая;Киришская ГРЭС;Блок 6;;без отключения;Пусто;;00:01 28.11.23;24:00 28.11.23;00:01 28.11.23;ОГР;НПЛ;;ВЗ;; 
12658;1154;Киришская ГРЭС;ЭНРГ.Б;;Открытая;Киришская ГРЭС;Блок 2;;с отключением;Пусто;;00:01 28.11.23;24:00 25.12.23;00:01 28.11.23;ХР;НПЛ;;ВЗ;; 
12580;0;ОДУ Северо-Запада;СДТУ.СДТУ Н;;Открытая;ОДУ Северо-Запада;СДТУ направления ОДУ Северо-Запада – Elering AS;;без отключения;Пусто;;00:00 28.11.23;24:00 31.12.23;00:00 28.11.23;АР;АВ;;ВЗ;; 
12626;0;ОДУ Северо-Запада;СДТУ.СДТУ Н;;Рассмотренная;ОДУ Северо-Запада;СДТУ направления ОДУ Северо-Запада – Кольское РДУ;;без отключения;Пусто;;00:00 28.11.23;06:00 28.11.23;00:00 28.11.23;К;НПЛ;;ВЗ;; 
12629;6841;Кольское РДУ;ЭНРГ.ГГ;;Открытая;Верхне-Туломская ГЭС-12;ГГ-2;;без отключения;Пусто комплексная программа от 10.08.2023;;00:00 28.11.23;24:00 30.11.23;00:00 28.11.23;ИСП;ПЛ;;ВЗ;; 
12701;1156;Киришская ГРЭС;ЭНРГ.Б;;Открытая;Киришская ГРЭС;Блок 3;;с отключением;Пусто;;00:00 28.11.23;24:00 25.12.23;00:00 28.11.23;ХР;НПЛ;;ВЗ;; 
12703;21297;Ленинградское РДУ;ЭНРГ.Б;;Открытая;Юго-Западная ТЭЦ;Блок 2;Г-23 (ГТУ-23) Блок 2;без отключения;Пусто;;00:00 28.11.23;24:00 28.11.23;00:00 28.11.23;ВПр;АВ;;ВЗ;; 
12193;6307;Новгородское РДУ;РЗА.РЗ;;Разрешенная;ПС 330 кВ Псков;ДЗОШ-330 2Ш 330 АТ-2;;с отключением;Б от 22.11.23;;17:00 27.11.23;24:00 28.11.23;09:00 22.11.23;ВПр;НПЛ;;02:00;;без отключения ЛЭП (оборудования)
12573;21043;Ленинградское РДУ;ЭНРГ.Б;;Открытая;Северная ТЭЦ (ТЭЦ-21);Блок 2;;без отключения;Пусто;;14:01 27.11.23;14:00 29.11.23;14:01 27.11.23;ИСП;ПЛ;;ВЗ;; 
12441;20720;Ленинградское РДУ;СДТУ.СДТУ Н;;Разрешенная;Киришская ГРЭС;СДТУ направления Ленинградское РДУ – Киришская ГРЭС;;с отключением;П;;10:00 27.11.23;17:00 01.12.23;10:00 27.11.23;ВП;НПЛ;;00:30;;без отключения ЛЭП (оборудования)
12250;6385;Новгородское РДУ;РЗА.РЗ;;Разрешенная;ПС 330 кВ Псков;Комплект РЗА В 412 АТ-1 (АУВ, УРОВ, АПВ) (6MD66);;с отключением;Б от 27.11.23;;09:00 27.11.23;24:00 28.11.23;09:00 27.11.23;ВПр;НПЛ;;02:00;; 
12351;20178;Ленинградское РДУ;СДТУ.СДТУ Н;;Открытая;ПС 220 кВ Парголово;СДТУ направления Ленинградское РДУ – ПС 220 кВ Парголово;;с отключением;П 2023-АСУ-ТО-Г;;09:00 27.11.23;16:00 01.12.23;09:00 27.11.23;П;ПЛ;;01:00;;без отключения ЛЭП (оборудования)
12352;20180;Ленинградское РДУ;СДТУ.СДТУ Н;;Разрешенная;ПС 330 кВ Колпино;СДТУ направления Ленинградское РДУ – ПС 330 кВ Колпино;;с отключением;П 2023-АСУ-ТО2;;09:00 27.11.23;16:00 01.12.23;09:00 27.11.23;П;ПЛ;;01:00;;без отключения ЛЭП (оборудования)
12353;20181;Ленинградское РДУ;СДТУ.СДТУ Н;;Разрешенная;ПС 220 кВ Проспект Испытателей;СДТУ направления Ленинградское РДУ – ПС 220 кВ Проспект Испытателей;;с отключением;П 2023-АСУ-ТО2;;09:00 27.11.23;16:00 01.12.23;09:00 27.11.23;П;ПЛ;;01:00;;без отключения ЛЭП (оборудования)
12354;20182;Ленинградское РДУ;СДТУ.СДТУ Н;;Разрешенная;ПС 220 кВ Полупроводники;СДТУ направления Ленинградское РДУ – ПС 220 кВ Полупроводники;;с отключением;П 2023-АСУ-ТО2;;09:00 27.11.23;16:00 01.12.23;09:00 27.11.23;П;ПЛ;;01:00;;без отключения ЛЭП (оборудования)
12355;20185;Ленинградское РДУ;СДТУ.СДТУ Н;;Разрешенная;ПС 330 кВ Центральная;СДТУ направления Ленинградское РДУ – ПС 330 кВ Центральная;;с отключением;П 2023-АСУ-2;;09:00 27.11.23;16:00 01.12.23;09:00 27.11.23;ВП;ПЛ;;01:00;;без отключения ЛЭП (оборудования)
12358;20269;Ленинградское РДУ;СДТУ.СДТУ Н;;Открытая;ПС 400 кВ Выборгская;СДТУ направления Ленинградское РДУ – ПС 400 кВ Выборгская;;с отключением;Пусто;;09:00 27.11.23;24:00 30.11.23;09:00 27.11.23;ВП;НПЛ;;00:20;;без отключения ЛЭП (оборудования)
12359;20304;Ленинградское РДУ;РЗА.ПА.УПАСК;;Открытая;ПС 400 кВ Выборгская;ПРД/ПРМ Tebit по ВОЛС ПС 400 кВ Выборгская – ПС 330 кВ Восточная;;с отключением;ТП ОДУ № 171.1 ПА от 16.11.2020 / № 171.2 ПА от 16.11.2020;;09:00 27.11.23;24:00 30.11.23;09:00 27.11.23;ВПр;НПЛ;;00:30;;без отключения ЛЭП (оборудования)
12371;20308;Ленинградское РДУ;РЗА.ПА.УПАСК;;Открытая;ПС 330 кВ Восточная;ПРД/ПРМ Tebit по ВОЛС ПС 330 кВ Восточная - ПС 400 кВ Выборгская;;с отключением;ТП ОДУ № 171.1 ПА от 16.11.2020 / № 171.2 ПА от 16.11.2020;;09:00 27.11.23;24:00 30.11.23;09:00 27.11.23;ВПр;НПЛ;;00:30;;без отключения ЛЭП (оборудования)
12377;0;ОДУ Северо-Запада;СДТУ.СДТУ ДЦ;;Открытая;ОДУ Северо-Запада;СДТУ ОДУ Северо-Запада;;без отключения;Пусто;;09:00 27.11.23;17:00 30.11.23;09:00 27.11.23;Н;НПЛ;;00:20;; 
12386;6413;Карельское РДУ;РЗА.ПА;;Открытая;ПС 330 кВ Петрозаводск;АОПН и УРОВ АОПН ВЛ 330 кВ Петрозаводск – Тихвин-Литейный;;с отключением;Б;;09:00 27.11.23;24:00 28.11.23;09:00 27.11.23;ВП;НПЛ;;02:00;;без отключения ЛЭП (оборудования)
12400;6384;Новгородское РДУ;ЭЛТ.В.В 330 кВ;;Разрешенная;ПС 330 кВ Псков;В 412 АТ-1;;с отключением;Б от 27.11.23;;09:00 27.11.23;24:00 28.11.23;09:00 27.11.23;ВПр;НПЛ;;02:00;;без разборки токовых цепей
12440;20179;Ленинградское РДУ;СДТУ.СДТУ Н;;Разрешенная;ПС 330 кВ Гатчинская;СДТУ направления Ленинградское РДУ – ПС 330 кВ Гатчинская;;с отключением;П 2023-АСУ-ТО-Г;;09:00 27.11.23;16:00 01.12.23;09:00 27.11.23;П;ПЛ;;01:00;;без отключения ЛЭП (оборудования)
12462;4781;Коми РДУ;АСДУ.ПАК;;Разрешенная;Вологодское РДУ;CK11.Proxy;;без отключения;Пусто;;09:00 27.11.23;17:00 27.11.23;09:00 27.11.23;ОПО;НПЛ;;00:20;; 
12529;4320;Балтийское РДУ;ЭЛТ.В.В 330 кВ;;Открытая;ПС 330 кВ Северная 330;В1 ВЛ 414;;с отключением;Б;;09:00 27.11.23;18:00 28.11.23;09:00 27.11.23;ВПр;НПЛ;;00:30;; 
12214;6385;Карельское РДУ;СДТУ.СДТУ Н;;Открытая;Кондопожская ГЭС (ГЭС-1);СДТУ направления Карельское РДУ – Кондопожская ГЭС (ГЭС-1);;с отключением;Пусто;;08:00 27.11.23;17:00 28.11.23;08:00 27.11.23;Н;НПЛ;;03:00;;с включением на ночь
12408;20265;Ленинградское РДУ;РЗА.ПА;;Открытая;ПС 330 кВ Сясь;Комплект ПА №1 ВЛ 330 кВ Сясь – Петрозаводск (ФОЛ, АЛАР, АОПН, УРОВ АОПН) ;;с отключением;Б;;08:00 27.11.23;24:00 28.11.23;08:00 27.11.23;ВП;НПЛ;;04:00;;без отключения ЛЭП (оборудования)
12415;6526;Карельское РДУ;АСДУ.ПАК;;Открытая;Карельское РДУ;ПАК «MODES-Terminal»;;с отключением;Пусто;;08:00 27.11.23;12:00 28.11.23;08:00 27.11.23;ОПО;НПЛ;;ВЗ;; 
12422;21539;МЭС Северо-Запада;ЭЛТ.В.В 330 кВ;;Открытая;ПС 400 кВ Выборгская;В330 кВ АТ-3;;с отключением;Б;;08:00 27.11.23;24:00 29.11.23;08:00 27.11.23;ВПр;НПЛ;;04:00;;с отключением токовых цепей
12423;21541;МЭС Северо-Запада;РЗА.РЗ;;Открытая;ПС 400 кВ Выборгская;ДЗОШ 330 кВ 1 к-т АТ-3;;с отключением;Б;;08:00 27.11.23;24:00 29.11.23;08:00 27.11.23;ВПр;НПЛ;;04:00;; 
12424;21540;МЭС Северо-Запада;РЗА.РЗ;;Открытая;ПС 400 кВ Выборгская;ДЗОШ 330 кВ 2 к-т АТ-3;;с отключением;Б;;08:00 27.11.23;24:00 29.11.23;08:00 27.11.23;ВПр;НПЛ;;04:00;; 
12439;20847;Ленинградское РДУ;СДТУ.СДТУ Н;;Разрешенная;ПС 750 кВ Копорская;СДТУ направления Ленинградское РДУ – ПС 750 кВ Копорская;;без отключения;Пусто;;08:00 27.11.23;24:00 01.12.23;08:00 27.11.23;ОПО;НПЛ;;00:30;;без отключения ЛЭП (оборудования)
12516;21169;ОДУ Центра;ЭЛТ.АТ,Т.АТ,Т 750 кВ;;Открытая;ПС 750 кВ Белозерская;АТ-1;;с отключением;Б;да;08:00 27.11.23;24:00 07.12.23;08:00 27.11.23;ТР;ПЛ;;24:00;; 
12583;411105;Augstsprieguma tikls;ЛЭП.ЛЭП 330 кВ;;Открытая;Augstsprieguma tikls;ВЛ 330 кВ Броцени – Вискали (ВЛ 322);;с отключением;П;да;07:00 27.11.23;16:00 08.12.23;07:00 27.11.23;ТР;НПЛ;;04:00;Да; 
12072;19991;МЭС Северо-Запада;РЗА.РЗ;;Разрешенная;ПС 750 кВ Ленинградская;КСЗ 1 комплект ВЛ 330 кВ Ленинградская – Чудово (ДЗ, ТЗНП, ЗНР) (7SA52);;с отключением;Б;;06:00 27.11.23;24:00 28.11.23;06:00 27.11.23;ВП;ПЛ;;02:00;;без отключения ЛЭП (оборудования)
12515;21206;ОДУ Центра;ЛЭП.ЛЭП 750 кВ;;Открытая;Калининская АЭС;ВЛ 750 кВ Калининская АЭС – Белозерская;;с отключением;ТП № 15, 16 от 14.09.23;да;06:00 27.11.23;17:00 07.12.23;06:00 27.11.23;ТР;ПЛ;;02:00;Да;под наведенным напряжением
12518;21027;ОДУ Центра;ЛЭП.ЛЭП 750 кВ;;Открытая;Валдайское ПМЭС;ВЛ 750 кВ Калининская АЭС – Белозерская;;с отключением;ТП № 15, 16 от 14.09.23;да;06:00 27.11.23;19:00 07.12.23;06:00 27.11.23;ТР;ПЛ;;03:00;Да;под наведенным напряжением
12436;4280;Балтийское РДУ;ЭНРГ.Б;;Открытая;Прегольская ТЭС;Блок 1;;с отключением;Пусто;;00:01 27.11.23;23:59 04.12.23;00:01 27.11.23;ТР;ПЛ;;ВЗ;; 
12627;370;Северо-Западная ТЭЦ;ЭНРГ.Б;;Открытая;Северо-Западная ТЭЦ;Блок 1;Г-2 (ГТУ-12) Блок 1;без отключения;Пусто;;00:01 27.11.23;24:00 30.11.23;00:01 27.11.23;ХР;НПЛ;;02:00;; 
12633;1146;Киришская ГРЭС;ЭНРГ.Б;;Открытая;Киришская ГРЭС;Блок 1;;с отключением;Пусто;;00:01 27.11.23;24:00 25.12.23;00:01 27.11.23;ХР;НПЛ;;ВЗ;; 
12431;21586;МЭС Северо-Запада;ЭЛТ.В.В 110 кВ;;Открытая;ПС 330 кВ Менделеевская;В-4-110 АТ-2;;с отключением;Б;;00:00 27.11.23;24:00 01.12.23;00:00 27.11.23;ВПр;НПЛ;;01:00;; 
12636;6843;Кольское РДУ;СДТУ.СДТУ Н;;Открытая;Кольская ВЭС;СДТУ направления Кольское РДУ – Кольская ВЭС;;с отключением;Пусто;;20:01 26.11.23;23:59 28.11.23;20:01 26.11.23;ВП;НО;;ВЗ;;без отключения ЛЭП (оборудования)
12466;21629;МЭС Северо-Запада;ЭЛТ.АТ,Т.АТ,Т 400 кВ;;Открытая;ПС 400 кВ Выборгская;АТ-3;;с отключением;Б;;00:00 26.11.23;24:00 30.11.23;00:00 26.11.23;ВПр;НПЛ;;04:00;; 
12467;21625;МЭС Северо-Запада;ЭЛТ.В.В 330 кВ;;Открытая;ПС 400 кВ Выборгская;ВЛ-473;;с отключением;Б;;00:00 26.11.23;24:00 30.11.23;00:00 26.11.23;ВПр;НПЛ;;ВЗ;;с отключением токовых цепей
12468;21626;МЭС Северо-Запада;РЗА.РЗ;;Открытая;ПС 400 кВ Выборгская;УРОВ ВЛ-473;;с отключением;Б;;00:00 26.11.23;24:00 30.11.23;00:00 26.11.23;ВПр;НПЛ;;ВЗ;; 
12469;21627;МЭС Северо-Запада;ЭЛТ.В.В 330 кВ;;Открытая;ПС 400 кВ Выборгская;ВЛ-473/АТ-3;;с отключением;Б;;00:00 26.11.23;24:00 30.11.23;00:00 26.11.23;ВПр;НПЛ;;ВЗ;;с отключением токовых цепей
12470;21628;МЭС Северо-Запада;РЗА.РЗ;;Открытая;ПС 400 кВ Выборгская;УРОВ ВЛ-473/АТ-3;;с отключением;Б;;00:00 26.11.23;24:00 30.11.23;00:00 26.11.23;ВПр;НПЛ;;ВЗ;; 
12471;21674;МЭС Северо-Запада;РЗА.РЗ;;Открытая;ПС 400 кВ Выборгская;ВЧЗ ВЛ 330 кВ Северо-Западная ТЭЦ – Выборгская (ПДЭ 2802);;с отключением;ТП ОДУ Северо-Запада №60.1.РЗ от 28.02.2017;;00:00 26.11.23;24:00 30.11.23;00:00 26.11.23;РЕК;НПЛ;;ВЗ;; 
12472;21672;МЭС Северо-Запада;РЗА.РЗ;;Открытая;ПС 400 кВ Выборгская;КСЗ ВЛ 330 кВ Северо-Западная ТЭЦ – Выборгская (ДЗ, ТЗНП, МТО) (ШДЭ 2801);;с отключением;Б;;00:00 26.11.23;24:00 30.11.23;00:00 26.11.23;ВПр;НПЛ;;ВЗ;; 
12473;21673;МЭС Северо-Запада;РЗА.РЗ;;Открытая;ПС 400 кВ Выборгская;Подменная панель КСЗ ВЛ 330 кВ Северо-Западная ТЭЦ – Выборгская (ДЗ, ТЗНП, МТО) (ШДЭ 2801);;с отключением;Б;;00:00 26.11.23;24:00 30.11.23;00:00 26.11.23;ВПр;НПЛ;;ВЗ;; 
12477;21678;МЭС Северо-Запада;РЗА.ПА;;Открытая;ПС 400 кВ Выборгская;АЛАР ВЛ 330 кВ Северо-Западная ТЭЦ – Выборгская;;с отключением;П;;00:00 26.11.23;24:00 30.11.23;00:00 26.11.23;РЕК;НПЛ;;04:00;; 
12519;20920;Ленинградское РДУ;РЗА.ПА;;Открытая;ПС 400 кВ Выборгская;ФОЛ ВЛ 330 кВ Северо-Западная ТЭЦ – Выборгская;;с отключением;П;;00:00 26.11.23;24:00 30.11.23;00:00 26.11.23;РЕК;НПЛ;;04:00;; 
12521;20921;Ленинградское РДУ;РЗА.ПА;;Открытая;ПС 400 кВ Выборгская;АОПН 330 кВ;;с отключением;Б;;00:00 26.11.23;24:00 30.11.23;00:00 26.11.23;РЕК;ПЛ;;04:00;; 
12562;20917;Ленинградское РДУ;ЛЭП.ЛЭП 330 кВ;;Открытая;ПС 400 кВ Выборгская;ВЛ 330 кВ Северо-Западная ТЭЦ – Выборгская;;с отключением;КП ввод по КПП №04/2023 ;да;00:00 26.11.23;24:00 30.11.23;00:00 26.11.23;ВПр;ПЛ;;ВЗ;;под наведенным напряжением
12563;20918;Ленинградское РДУ;РЗА.ПА.УПАСК;;Открытая;ПС 400 кВ Выборгская;ПРД АКПА 244 кГц ВЛ 330 кВ Северо-Западная ТЭЦ – Выборгская;;с отключением;ТП  ОДУ Северо-Запада №118.1.ПА от 28.02.2017 / №118.2.ПА от 28.02.2017;;00:00 26.11.23;24:00 30.11.23;00:00 26.11.23;РЕК;ПЛ;;04:00;; 
12564;20919;Ленинградское РДУ;РЗА.ПА.УПАСК;;Открытая;ПС 400 кВ Выборгская;ПРМ АКПА 296 кГц ВЛ 330 кВ Северо-Западная ТЭЦ – Выборгская;;с отключением;ТП  ОДУ Северо-Запада №119.1.ПА от 28.02.2017 / №119.2.ПА от 28.02.2017;;00:00 26.11.23;24:00 30.11.23;00:00 26.11.23;РЕК;ПЛ;;04:00;; 
12565;21809;МЭС Северо-Запада;ЭЛТ.В.В 330 кВ;;Открытая;ПС 400 кВ Выборгская;ВТВ-2;;с отключением;Б;;00:00 26.11.23;24:00 29.11.23;00:00 26.11.23;ВПр;НПЛ;;02:00;;с отключением токовых цепей
12566;21807;МЭС Северо-Запада;РЗА.РЗ;;Открытая;ПС 400 кВ Выборгская;Комплект резервных защит стороны ВН АТ-2 (ТЗНП, МТЗ);;с отключением;Б;;00:00 26.11.23;24:00 29.11.23;00:00 26.11.23;ВПр;НПЛ;;02:00;; 
12576;21864;МЭС Северо-Запада;РЗА.РЗ;;Открытая;ПС 400 кВ Выборгская;ДЗШТ 2ш 330 кВ;;с отключением;Б;;00:00 26.11.23;24:00 29.11.23;00:00 26.11.23;ВПр;НПЛ;;02:00;; 
12582;21056;Ленинградское РДУ;ЭЛТ.СШ.СШ 330 кВ;;Открытая;ПС 400 кВ Выборгская;2ш 330 кВ;;с отключением;Б;;00:00 26.11.23;24:00 29.11.23;00:00 26.11.23;ВПр;НПЛ;;02:00;; 
12600;21089;Ленинградское РДУ;РЗА.ПА.УПАСК;;Открытая;Северо-Западная ТЭЦ;ПРМ АКПА 244 кГц ВЛ 330 кВ Северо-Западная ТЭЦ – Выборгская;;с отключением;Пусто типовая программа переключений ОДУ Северо-Запада №118.1.ПА от 28.02.2017 / №118.2.ПА от 28.02.2017;;00:00 26.11.23;24:00 30.11.23;00:00 26.11.23;ВПр;НПЛ;;00:30;; 
12601;21090;Ленинградское РДУ;РЗА.ПА.УПАСК;;Открытая;Северо-Западная ТЭЦ;ПРД АКПА 296 кГц ВЛ 330 кВ Северо-Западная ТЭЦ – Выборгская;;с отключением;Пусто типовая программа переключений ОДУ Северо-Запада №119.1.ПА от 28.02.2017 / №119.2.ПА от 28.02.2017;;00:00 26.11.23;24:00 30.11.23;00:00 26.11.23;ВПр;НПЛ;;00:30;; 
12605;21925;МЭС Северо-Запада;РЗА.РЗ;;Открытая;ПС 400 кВ Выборгская;ДЗШ 2ш 330 кВ;;с отключением;Б;;00:00 26.11.23;24:00 29.11.23;00:00 26.11.23;ВПр;НПЛ;;02:00;; 
12623;369;Северо-Западная ТЭЦ;РЗА.РЗ;;Рассмотренная;Северо-Западная ТЭЦ;ВЧЗ ВЛ 330 кВ Северо-Западная ТЭЦ – Выборгская (ПДЭ 2802);;с отключением;ТП  ОДУ Северо-Запада №60.1.РЗ от 28.02.2017/60.2.РЗ от 28.02.2017;;00:00 26.11.23;24:00 30.11.23;00:00 26.11.23;ВПр;НПЛ;;00:30;; 
12662;21059;Ленинградское РДУ;ЭЛТ.АТ,Т.АТ,Т 330 кВ;;Открытая;ПС 400 кВ Выборгская;АТ-2;;с отключением;Б;;00:00 26.11.23;24:00 29.11.23;00:00 26.11.23;ВПр;ПЛ;;02:00;; 
12494;1126;Киришская ГРЭС;РЗА.ПА.УПАСК;;Рассмотренная;Киришская ГРЭС;ПРМ 2 ВЧТО 52 кГц КВЛ 330 кВ Киришская ГРЭС – Восточная I цепь;;с отключением;ТП ОДУ Северо-Запада №127.1.ПА от 28.02.2017 / №127.2.ПА от 28.02.2017;;00:01 25.11.23;24:00 29.12.23;00:01 25.11.23;ВПр;АВ;;ВЗ;;без отключения ЛЭП (оборудования)
12456;6743;Кольское РДУ;ЭНРГ.ГГ;;Открытая;Верхне-Туломская ГЭС-12;ГГ-2;;с отключением;Пусто;;00:00 25.11.23;24:00 28.11.23;00:00 25.11.23;ИСП;НПЛ;;ВЗ;; 
12541;6600;Карельское РДУ;РЗА.ПА;;Открытая;РП 330 кВ Каменный Бор;ЛАДВ 2 комплект РП 330 кВ Каменный Бор ;;без отключения;Пусто;;00:00 25.11.23;24:00 30.11.23;00:00 25.11.23;ЗРР;НО;;ВЗ;; 
12581;1138;Киришская ГРЭС;ЭНРГ.Б;;Открытая;Киришская ГРЭС;Блок 1;;без отключения;Пусто;;00:00 25.11.23;24:00 03.12.23;00:00 25.11.23;ЗРР;АВ;;ВЗ;; 
12589;21896;МЭС Северо-Запада;РЗА.ПА.УПАСК;;Открытая;ПС 330 кВ Восточная;ПРД 2 ВЧТО 52 кГц КВЛ 330 кВ Киришская ГРЭС – Восточная I цепь;;с отключением;ТП  ОДУ Северо-Запада №127.1.ПА от 28.02.2017 / №127.2.ПА от 28.02.2017;;00:00 25.11.23;24:00 06.12.23;00:00 25.11.23;ПП;АВ;;ВЗ;;без отключения ЛЭП (оборудования)
12597;6532;Новгородское РДУ;СДТУ.СДТУ Н;;Открытая;ПС 330 кВ Старорусская;СДТУ направления Новгородское РДУ – ПС 330 кВ Старорусская;;с отключением;Пусто;;00:00 25.11.23;24:00 08.12.23;00:00 25.11.23;К;НПЛ;;01:00;;без отключения ЛЭП (оборудования)
12542;20990;Ленинградское РДУ;СДТУ.СДТУ Н;;Открытая;ПС 330 кВ Колпино;СДТУ направления Ленинградское РДУ – ПС 330 кВ Колпино;;с отключением;П 2023-АСУ-2;;16:00 24.11.23;16:00 01.12.23;16:00 24.11.23;П;ПЛ;;01:00;;без отключения ЛЭП (оборудования)
12556;21023;Ленинградское РДУ;СДТУ.СДТУ Н;;Открытая;ПС 330 кВ Ржевская;СДТУ направления Ленинградское РДУ – ПС 330 кВ Ржевская;;с отключением;П;;16:00 24.11.23;16:00 01.12.23;16:00 24.11.23;ВП;ПЛ;;01:00;;без отключения ЛЭП (оборудования)
12586;21049;Ленинградское РДУ;СДТУ.СДТУ Н;;Открытая;ПС 330 кВ Завод Ильич;СДТУ направления Ленинградское РДУ – ПС 330 кВ Завод Ильич;;с отключением;П 2023-АСУ-ТО-2;;16:00 24.11.23;16:00 01.12.23;16:00 24.11.23;П;ПЛ;;01:00;;без отключения ЛЭП (оборудования)
12587;21053;Ленинградское РДУ;СДТУ.СДТУ Н;;Открытая;ПС 330 кВ Пулковская;СДТУ направления Ленинградское РДУ – ПС 330 кВ Пулковская;;с отключением;П 2023-АСУ-ТО-2;;16:00 24.11.23;16:00 01.12.23;16:00 24.11.23;П;ПЛ;;01:00;;без отключения ЛЭП (оборудования)
12646;21092;Ленинградское РДУ;СДТУ.СДТУ Н;;Открытая;ПС 330 кВ Восточная;СДТУ направления Ленинградское РДУ –  ПС 330 кВ Восточная;;с отключением;П 2023-АСУ-ТО-2;;16:00 24.11.23;16:00 01.12.23;16:00 24.11.23;П;ПЛ;;01:00;;без отключения ЛЭП (оборудования)
12670;21932;МЭС Северо-Запада;РЗА.РЗ;;Открытая;ПС 330 кВ Звёздная;Комплект 1 основной защиты ВЛ 330 кВ Ленинградская – Звёздная I цепь (ДЗЛ, СЗ) (7SD52);;с отключением;ТП  ОДУ Северо-Запада №45.1.1.РЗ от 16.11.2022/45.1.2.РЗ от 16.11.2022;;16:00 24.11.23;16:00 28.11.23;16:00 24.11.23;ВПр;ПЛ;;01:00;;без отключения ЛЭП (оборудования)
12671;21933;МЭС Северо-Запада;РЗА.РЗ;;Открытая;ПС 750 кВ Ленинградская;Комплект 1 основной защиты ВЛ 330 кВ Ленинградская – Звёздная I цепь (ДЗЛ, СЗ) (7SD52);;с отключением;Пусто типовая программа переключений ОДУ Северо-Запада №45.1.1.РЗ от 16.11.2022/45.1.2.РЗ от 16.11.2022;;16:00 24.11.23;24:00 28.11.23;16:00 24.11.23;ВП;ПЛ;;02:00;;без отключения ЛЭП (оборудования)
12675;21105;Ленинградское РДУ;СДТУ.СДТУ Н;;Рассмотренная;ПС 750 кВ Ленинградская;СДТУ направления Ленинградское РДУ – ПС 750 кВ Ленинградская;;с отключением;П 2023-АСУ-2;;16:00 24.11.23;24:00 28.11.23;16:00 24.11.23;ВП;ПЛ;;01:00;;без отключения ЛЭП (оборудования)
12368;20431;Ленинградское РДУ;ЭЛТ.В.В 110 кВ;;Открытая;ПС 330 кВ Ржевская;1В-110 АТ-1;;с отключением;Б;;11:00 24.11.23;24:00 29.11.23;00:00 23.11.23;ВПр;НПЛ;;04:00;; 
12547;4373;Балтийское РДУ;ЭНРГ.Б;;Открытая;Калининградская ТЭЦ-2;Блок 2;Г-22 (ГТУ-22) Блок 2;с отключением;Пусто;;10:01 24.11.23;23:59 30.11.23;10:01 24.11.23;ХР;НПЛ;;ВЗ;; 
12229;21218;МЭС Северо-Запада;РЗА.РЗ;;Открытая;ПС 330 кВ Ржевская;Комплект автоматики В Л-388/АТ-1 (АУВ, УРОВ, АПВ) (6MD66);;с отключением;Б;;00:00 24.11.23;24:00 29.11.23;00:00 23.11.23;ВП;НПЛ;;04:00;; 
12230;21219;МЭС Северо-Запада;РЗА.РЗ;;Открытая;ПС 330 кВ Ржевская;Комплект автоматики В Л-488/АТ-1 (АУВ, УРОВ, АПВ) (6MD66);;с отключением;Б;;00:00 24.11.23;24:00 29.11.23;00:00 23.11.23;ВП;НПЛ;;04:00;; 
12231;21206;МЭС Северо-Запада;РЗА.РЗ;;Открытая;ПС 330 кВ Ржевская;ДЗО стороны ВН комплект 1 АТ-1;;с отключением;Б;;00:00 24.11.23;24:00 29.11.23;00:00 23.11.23;ВП;НПЛ;;04:00;; 
12233;21208;МЭС Северо-Запада;РЗА.РЗ;;Открытая;ПС 330 кВ Ржевская;КСЗ стороны ВН АТ-1 (ДЗ, ТЗНП) (7SA52);;с отключением;Б;;00:00 24.11.23;24:00 29.11.23;00:00 23.11.23;ВП;НПЛ;;04:00;; 
12314;20416;Ленинградское РДУ;ЭЛТ.СШ.СШ 330 кВ;;Открытая;ПС 330 кВ Ржевская;1Ш 330кВ;;с отключением;П по выводу в ремонт № 122/144 от 15.11.2023, по вводу в работу № 123/145 от 15.11.2023;;00:00 24.11.23;24:00 29.11.23;00:00 23.11.23;ВПр;НПЛ;;04:00;; 
12315;20417;Ленинградское РДУ;ЭЛТ.В.В 330 кВ;;Открытая;ПС 330 кВ Ржевская;В Л-388/АТ-1;;с отключением;П по выводу в ремонт № 122/144 от 15.11.2023, по вводу в работу № 123/145 от 15.11.2023;;00:00 24.11.23;24:00 29.11.23;00:00 23.11.23;ВПр;НПЛ;;04:00;; 
12316;20418;Ленинградское РДУ;ЭЛТ.В.В 330 кВ;;Открытая;ПС 330 кВ Ржевская;В Л-488/АТ-1;;с отключением;П по выводу в ремонт № 122/144 от 15.11.2023, по вводу в работу № 123/145 от 15.11.2023;;00:00 24.11.23;24:00 29.11.23;00:00 23.11.23;ВПр;НПЛ;;04:00;; 
12365;20419;Ленинградское РДУ;ЭЛТ.АТ,Т.АТ,Т 330 кВ;;Открытая;ПС 330 кВ Ржевская;АТ-1;;с отключением;П Вывод 122/144, ввод 123/145 от 15.11.2023;да;00:00 24.11.23;24:00 29.11.23;00:00 23.11.23;ВПр;НПЛ;;04:00;; 
12366;20420;Ленинградское РДУ;ЭЛТ.В.В 110 кВ;;Открытая;ПС 330 кВ Ржевская;1В-110 АТ-1;;с отключением;Б;;00:00 24.11.23;24:00 29.11.23;00:00 23.11.23;ВПр;НПЛ;;04:00;; 
12367;20421;Ленинградское РДУ;ЭЛТ.В.В 110 кВ;;Открытая;ПС 330 кВ Ржевская;2В-110 АТ-1;;с отключением;Б;;00:00 24.11.23;24:00 29.11.23;00:00 23.11.23;ВПр;НПЛ;;04:00;; 
12500;4786;Коми РДУ;ЭЛТ.В.В 220 кВ;;Открытая;Печорская ГРЭС;В Т-1;;с отключением;Б;;00:00 24.11.23;24:00 30.11.23;00:00 24.11.23;ВПр;НПЛ;;04:00;; 
12539;20987;Ленинградское РДУ;ЭЛТ.СШ.СШ 330 кВ;;Открытая;ПС 330 кВ Ржевская;1Ш 330кВ;;с отключением;П по выводу в ремонт № 122/144 от 15.11.2023, по вводу в работу № 123/145 от 15.11.2023;;00:00 24.11.23;24:00 29.11.23;00:00 24.11.23;РЕК;НПЛ;;04:00;; 
12545;21777;МЭС Северо-Запада;РЗА.РЗ;;Открытая;ПС 750 кВ Ленинградская;КСЗ 2 комплект ВЛ 330 кВ Ленинградская – Чудово (ДЗ, ТЗНП, ЗНР) (7SD52);;с отключением;Б;;00:00 24.11.23;24:00 28.11.23;00:00 24.11.23;ВП;НПЛ;;02:00;;без отключения ЛЭП (оборудования)
12585;21015;Ленинградское РДУ;СДТУ.СДТУ Н;;Рассмотренная;ПС 750 кВ Ленинградская;СДТУ направления Ленинградское РДУ – ПС 750 кВ Ленинградская;;без отключения;П 2023-АСУ-2;;00:00 24.11.23;16:00 28.11.23;00:00 24.11.23;ВП;ПЛ;;01:00;; 
12334;4748;Коми РДУ;ЭЛТ.В.В 220 кВ;;Открытая;Печорская ГРЭС;В РТСН-1;;с отключением;Б;;22:00 23.11.23;24:00 28.11.23;22:00 23.11.23;ВПр;НПЛ;;04:00;;с переводом на ОВ
12330;6615;Кольское РДУ;РЗА.РА.АВРЧМ;;Разрешенная;Верхне-Туломская ГЭС-12;АВРЧМ Верхне-Туломской ГЭС-12;;с отключением;Пусто;;10:00 23.11.23;24:00 30.11.23;10:00 23.11.23;ИСП;НПЛ;;00:20;; 
12416;20553;Ленинградское РДУ;СДТУ.СДТУ Н;;Открытая;ПС 750 кВ Ленинградская;СДТУ направления Ленинградское РДУ – ПС 750 кВ Ленинградская;;с отключением;П 2023-АСУ-2;;09:00 23.11.23;16:00 24.11.23;09:00 23.11.23;ВП;ПЛ;;01:00;;без отключения ЛЭП (оборудования)
12236;6310;Новгородское РДУ;СДТУ.СДТУ Н;;Разрешенная;ПС 330 кВ Чудово;СДТУ направления Новгородское РДУ – ПС 330 кВ Чудово;;с отключением;Пусто;;08:00 23.11.23;24:00 30.11.23;08:00 23.11.23;К;НПЛ;;00:30;;без отключения ЛЭП (оборудования)
12232;21207;МЭС Северо-Запада;РЗА.РЗ;;Открытая;ПС 330 кВ Ржевская;ДЗО стороны ВН комплект 2 АТ-1;;с отключением;Б;;00:00 23.11.23;24:00 29.11.23;00:00 23.11.23;ВП;НПЛ;;04:00;; 
12479;1125;Киришская ГРЭС;РЗА.ПА.УПАСК;;Открытая;Киришская ГРЭС;ПРМ 2 ВЧТО 52 кГц КВЛ 330 кВ Киришская ГРЭС – Восточная I цепь;;с отключением;ТП типовая программа переключений ОДУ Северо-Запада №127.1.ПА от 28.02.2017 / №127.2.ПА от 28.02.2017;;00:00 23.11.23;24:00 24.11.23;00:00 23.11.23;ПП;АВ;да;ВЗ;;без отключения ЛЭП (оборудования)
12495;6587;Карельское РДУ;РЗА.ПА;;Открытая;РП 330 кВ Каменный Бор;Комплект ПА №1 РП 330 кВ Каменный Бор (АОПО ВЛ 330 кВ Каменный Бор – Кондопога, АРПМ Борей – Онда, АРПМ Онда – Кондопога) (ШЭЭ 224 0108);;с отключением;П;да;00:00 23.11.23;24:00 30.11.23;00:00 23.11.23;ПП;НО;;ВЗ;;без отключения ЛЭП (оборудования)
12496;6588;Карельское РДУ;РЗА.ПА;;Открытая;РП 330 кВ Каменный Бор;Комплект ПА №2 РП 330 кВ Каменный Бор (АОПО ВЛ 330 кВ Каменный Бор – Кондопога, АРПМ Борей – Онда, АРПМ Онда – Кондопога) (ШЭЭ 224 0108);;с отключением;ТП №РЗ-АРПМ-Каменный Бор-3 от 21.02.2023.;да;00:00 23.11.23;24:00 30.11.23;00:00 23.11.23;ПП;НО;;ВЗ;;без отключения ЛЭП (оборудования)
12499;6589;Карельское РДУ;РЗА.ПА;;Открытая;РП 330 кВ Каменный Бор;ЛАДВ 1 комплект РП 330 кВ Каменный Бор ;;без отключения;Пусто;;00:00 23.11.23;24:00 30.11.23;00:00 23.11.23;ЗРР;НО;;ВЗ;; 
12511;20947;Ленинградское РДУ;ЭЛТ.Прочее ЭЛТ.УВ;;Открытая;ВЭС Россети Ленэнерго;Объем САОН ВЭС;;без отключения;Пусто;да;16:30 22.11.23;24:00 24.11.23;16:30 22.11.23;ЗРР;НО;да;ВЗ;; 
12445;4330;Балтийское РДУ;СДТУ.СДТУ Н;;Открытая;Калининградская ТЭЦ-2;СДТУ направления Балтийское РДУ – Калининградская ТЭЦ-2;;с отключением;Пусто;;10:00 22.11.23;18:00 22.11.23;10:00 22.11.23;ОПО;ПЛ;да;01:00;;без отключения ЛЭП (оборудования)
12237;0;ОДУ Северо-Запада;СДТУ.СДТУ ДЦ;;Открытая;ОДУ Северо-Запада;СДТУ ОДУ Северо-Запада;;без отключения;Пусто;;09:00 22.11.23;18:00 28.11.23;09:00 22.11.23;ВП;НПЛ;;00:30;; 
12268;20104;Ленинградское РДУ;СДТУ.СДТУ Н;;Открытая;ПС 750 кВ Ленинградская;СДТУ направления Ленинградское РДУ – ПС 750 кВ Ленинградская;;без отключения;П 2023-АСУ-2;;09:00 22.11.23;24:00 23.11.23;09:00 23.11.23;ВП;ПЛ;;01:00;; 
12267;20162;Ленинградское РДУ;СДТУ.СДТУ Н;;Открытая;ПС 330 кВ Кингисеппская;СДТУ направления Ленинградское РДУ – ПС 330 кВ Кингисеппская;;с отключением;Пусто;;08:00 22.11.23;24:00 29.11.23;08:00 22.11.23;ВП;НПЛ;;01:00;;без отключения ЛЭП (оборудования)
12312;20415;Ленинградское РДУ;ЭЛТ.Прочее ЭЛТ;;Открытая;ПС 220 кВ Ручьи;Ограничение режима работы энергосистемы Санкт-Петербурга и Ленинградской области;;с отключением;ТБ №162/163 от 31.05.2023 г.;;08:00 22.11.23;24:00 10.12.23;08:00 22.11.23;СР;НПЛ;;1;;с переводом на ОВ
12243;4725;Коми РДУ;ЭНРГ.Б;;Открытая;Печорская ГРЭС;Блок 5;;с отключением;Пусто;;17:01 21.11.23;24:00 21.12.23;17:01 21.11.23;ХР;НПЛ;;ВЗ;; 
11892;19339;Ленинградское РДУ;ЭЛТ.В.В 330 кВ;;Открытая;Киришская ГРЭС;ВАТ-1-2;;с отключением;Б;;08:00 21.11.23;20:00 10.12.23;08:00 21.11.23;ВПр;НПЛ;;01:00;; 
11893;19338;Ленинградское РДУ;ЭЛТ.В.В 330 кВ;;Открытая;Киришская ГРЭС;ВАТ-1-1;;с отключением;Б;;08:00 21.11.23;20:00 10.12.23;08:00 21.11.23;ВПр;НПЛ;;01:00;; 
12135;19738;Ленинградское РДУ;СДТУ.СДТУ Н;;Открытая;ПС 330 кВ Парнас;СДТУ направления Ленинградское РДУ – ПС 330 кВ Парнас;;с отключением;П 2023-АСУ-ТО2;;09:00 20.11.23;16:00 24.11.23;09:00 20.11.23;П;ПЛ;да;01:00;;без отключения ЛЭП (оборудования)
12079;4653;Коми РДУ;ЭНРГ.Б;;Открытая;Печорская ГРЭС;Блок 1;;с отключением;Пусто;;08:01 20.11.23;24:00 02.12.23;08:01 20.11.23;ТР;ПЛ;;ВЗ;; 
12326;21227;ОДУ Центра;СДТУ.СДТУ Н;;Открытая;Калининская АЭС;СДТУ направления Смоленское РДУ – Калининская АЭС;;с отключением;Пусто;;07:30 20.11.23;20:00 27.11.23;07:30 20.11.23;К;НПЛ;да;00:30;;с включением на ночь
12309;0;ОДУ Северо-Запада;ЭЛТ.Прочее ЭЛТ;;Открытая;ОДУ Северо-Запада;Ограничение режима ОЭС Северо-Запада;;с отключением;Пусто;;00:00 20.11.23;24:00 24.11.23;00:00 20.11.23;ВПр;НПЛ;да;00:30;; 
12392;6448;Новгородское РДУ;СДТУ.СДТУ Н;;Открытая;ПС 330 кВ Новгородская;СДТУ направления Новгородское РДУ – ПС 330 кВ Новгородская;;без отключения;Пусто;;10:48 19.11.23;24:00 02.12.23;10:48 19.11.23;АР;НО;;01:00;;без отключения ЛЭП (оборудования)
12345;5262;Архангельское РДУ;ЭНРГ.Б;;Открытая;Северодвинская ТЭЦ-2;Блок 3;;с отключением;Пусто;;16:01 18.11.23;24:00 30.11.23;16:01 18.11.23;ХР;НПЛ;;ВЗ;; 
12319;4307;Балтийское РДУ;ЭНРГ.Б;;Открытая;Приморская ТЭС;Блок 1;;с отключением;Пусто;;06:01 18.11.23;00:59 01.01.24;06:01 18.11.23;ХР;НПЛ;;ВЗ;; 
12318;4309;Балтийское РДУ;ЭНРГ.Б;;Открытая;Приморская ТЭС;Блок 3;;с отключением;Пусто;;02:01 18.11.23;00:59 01.01.24;02:01 18.11.23;ХР;НПЛ;;ВЗ;; 
12308;20585;Ленинградское РДУ;ЭЛТ.СКРМ;;Открытая;ПС 400 кВ Выборгская;СТАТКОМ;;с отключением;Б;;00:00 18.11.23;24:00 01.12.23;00:00 18.11.23;ТР;НПЛ;;04:00;; 
12320;4308;Балтийское РДУ;ЭНРГ.Б;;Открытая;Приморская ТЭС;Блок 2;;с отключением;Пусто;;21:01 17.11.23;00:59 01.01.24;21:01 17.11.23;ХР;НПЛ;;ВЗ;; 
12324;20536;Ленинградское РДУ;СДТУ.СДТУ Н;;Открытая;ПС 110 кВ Кузнечная (ПС 57);СДТУ направления Ленинградское РДУ – ПС 110 кВ Кузнечная (ПС 57);;без отключения;Пусто;;20:00 17.11.23;24:00 18.12.23;20:00 17.11.23;ЗРР;НПЛ;;01:00;;без отключения ЛЭП (оборудования)
12323;20603;Ленинградское РДУ;СДТУ.СДТУ Н;;Открытая;ПС 330 кВ Центральная;СДТУ направления Ленинградское РДУ – ПС 330 кВ Центральная;;без отключения;П 2023-АСУ-2;;16:00 17.11.23;16:00 24.11.23;16:00 17.11.23;П;ПЛ;да;01:00;; 
12329;20611;Ленинградское РДУ;СДТУ.СДТУ Н;;Открытая;ПС 220 кВ Чесменская;СДТУ направления Ленинградское РДУ – ПС 220 кВ Чесменская;;с отключением;П 2023-АСУ-2;;16:00 17.11.23;16:00 24.11.23;16:00 17.11.23;П;ПЛ;да;01:00;;без отключения ЛЭП (оборудования)
12251;4240;Балтийское РДУ;СДТУ.СДТУ Н;;Открытая;Калининградская ТЭЦ-2;СДТУ направления Балтийское РДУ – Калининградская ТЭЦ-2;;без отключения;Пусто;;10:00 16.11.23;10:00 20.02.24;10:00 16.11.23;ЗРР;НПЛ;;ВЗ;;без отключения ЛЭП (оборудования)
12104;943;Ленинградская АЭС;ЭНРГ.Б;;Открытая;Ленинградская АЭС;Блок 5;;с отключением;"Пусто Программа: технологический регламент РГ.1723.СТУ.16.
Инструкция по эксплуатации ТГ 1.ИЭ.2344.ТЦ20.";;00:00 16.11.23;24:00 30.11.23;00:00 16.11.23;АР;АВ;;ВЗ;; 
12161;4281;Балтийское РДУ;СДТУ.СДТУ Н;;Открытая;Балтийское РДУ;СДТУ направления Балтийское РДУ – Litgrid AB;;с отключением;Пусто;;01:00 14.11.23;01:00 12.12.23;01:00 14.11.23;АР;АВ;;ВЗ;; 
11784;5072;Архангельское РДУ;ЭНРГ.Б;;Открытая;Северодвинская ТЭЦ-2;Блок 2;;с отключением;Пусто;;08:01 13.11.23;24:00 03.12.23;08:01 13.11.23;СР;ПЛ;;ВЗ;; 
11721;1080;Киришская ГРЭС;ЭНРГ.Б;;Открытая;Киришская ГРЭС;Блок 4;;с отключением;Пусто;;00:01 13.11.23;24:00 11.03.24;00:01 13.11.23;КР;ПЛ;;ВЗ;; 
11984;5160;Архангельское РДУ;ЭНРГ.ТГ;;Открытая;Северодвинская ТЭЦ-1;3Г;;с отключением;Пусто;;01:01 11.11.23;24:00 30.11.23;01:01 11.11.23;ХР;НПЛ;;ВЗ;; 
12080;20183;Ленинградское РДУ;РЗА.РА.НПРЧ;;Открытая;ЭС-1 Центральной ТЭЦ;НПРЧ Г-1;;с отключением;Пусто;да;19:01 10.11.23;24:00 30.11.23;19:01 10.11.23;НГ;НО;;ВЗ;; 
12082;20184;Ленинградское РДУ;РЗА.РА.НПРЧ;;Открытая;ЭС-1 Центральной ТЭЦ;НПРЧ Г-2;;с отключением;Пусто;да;19:01 10.11.23;24:00 30.11.23;19:01 10.11.23;НГ;НО;;ВЗ;; 
11720;1079;Киришская ГРЭС;ЭНРГ.Б;;Открытая;Киришская ГРЭС;Блок 5;;с отключением;Пусто;;00:01 10.11.23;24:00 04.12.23;00:01 10.11.23;ТР;ПЛ;;ВЗ;; 
11844;20554;ОДУ Центра;ЛЭП.ЛЭП 750 кВ;;Открытая;ГПО «Белэнерго»;ВЛ 750 кВ Смоленская АЭС – Белорусская (Л-707);;с отключением;П;да;08:00 08.11.23;23:59 31.12.23;08:00 08.11.23;ТР;ПЛ;;04:00;Да;под наведенным напряжением
11957;4218;Балтийское РДУ;ЭНРГ.Б;;Открытая;Калининградская ТЭЦ-2;Блок 1;Г-11 (ГТУ-11) Блок 1;с отключением;Пусто;;19:57 07.11.23;23:59 30.11.23;19:57 07.11.23;АР;АВ;;ВЗ;; 
11713;6068;Карельское РДУ;РЗА.ПА;;Открытая;РП 330 кВ Каменный Бор;ЛАДВ 1 комплект РП 330 кВ Каменный Бор ;;с отключением;ТП №_РЗ-ЛАДВ-Каменный Бор-1 от 14.08.23;;11:30 07.11.23;24:00 01.12.23;08:00 07.11.23;ВП;НПЛ;;ВЗ;;без отключения ЛЭП (оборудования)
11765;19218;Ленинградское РДУ;ЛЭП.ЛЭП 330 кВ;;Разрешенная;Ленинградское ПМЭС;КВЛ 330 кВ Копорская – Пулковская;;без отключения;Пусто;;08:30 07.11.23;16:00 30.11.23;08:30 07.11.23;ЗРР;ПЛ;;01:00;; 
11550;4475;Коми РДУ;ЭНРГ.ТГ;;Открытая;Сосногорская ТЭЦ;ТГ-3;;с отключением;Пусто;;00:01 07.11.23;24:00 30.11.23;00:01 07.11.23;ТР;ПЛ;;ВЗ;; 
11575;6018;Новгородское РДУ;ЭНРГ.Б;;Открытая;Новгородская ТЭЦ;Блок 1;;с отключением;Пусто;;00:00 06.11.23;24:00 30.11.23;00:00 06.11.23;ТР;ПЛ;;ВЗ;; 
11849;4609;Коми РДУ;ЭНРГ.ТГ;;Открытая;Воркутинская ТЭЦ-2;ТГ-1;;с отключением;Пусто;;00:01 04.11.23;24:00 30.11.23;00:01 04.11.23;ХР;НПЛ;;ВЗ;; 
11938;6185;Новгородское РДУ;СДТУ.СДТУ Н;;Открытая;ПС 330 кВ Юго-Западная;СДТУ направления Новгородское РДУ – ПС 330 кВ Юго-Западная;"Мультиплексор UMUX-1500 NE 100586;
Мультиплексор ABB FOX-515 ПС 330 кВ Юго-Западная";с отключением;Пусто;;00:00 04.11.23;24:00 30.11.23;00:00 04.11.23;ВПр;НПЛ;;ВЗ;;без отключения ЛЭП (оборудования)
11881;364650;Litgrid AB;РЗА.РЗ;;Открытая;Литовская ЭС;ДФЗ-504 ВЛ 330 кВ Литовская ЭС – Советск-330  (ВЛ-308\447);;с отключением;П;;16:00 03.11.23;17:30 05.12.23;16:00 03.11.23;АР;НО;;ВЗ;;без отключения ЛЭП (оборудования)
11898;4195;Балтийское РДУ;РЗА.РЗ;;Открытая;ПС 330 кВ Советск-330;ДФЗ ВЛ 330 кВ Круонио ГАЭС – Советск-330 (ВЛ-447) (ДФЗ-504);;с отключением;П;;16:00 03.11.23;18:00 05.12.23;16:00 03.11.23;ВПр;НО;;ВЗ;;без отключения ЛЭП (оборудования)
11664;5070;Архангельское РДУ;ЭНРГ.Б;;Открытая;Северодвинская ТЭЦ-2;Блок 1;;с отключением;Пусто;;14:01 01.11.23;24:00 30.11.23;14:01 01.11.23;ХР;НПЛ;;ВЗ;; 
11668;313;Северо-Западная ТЭЦ;ЭНРГ.Б;;Открытая;Северо-Западная ТЭЦ;Блок 2;"Г-5 (ГТУ-21) Блок 2;
Г-6 (ГТУ-22) Блок 2;
Г-4 (ПТ-20) Блок 2";без отключения;Пусто;;00:01 01.11.23;24:00 30.11.23;00:01 01.11.23;ОГР;НПЛ;;ВЗ;; 
11179;19769;МЭС Северо-Запада;ЭЛТ.СКРМ.СК.СК 15,75 кВ;;Открытая;ПС 400 кВ Выборгская;СК-3;;с отключением;Б;;00:00 01.11.23;24:00 31.12.23;00:00 01.11.23;ВПр;ПЛ;;08:00;; 
11180;19768;МЭС Северо-Запада;ЭЛТ.Прочее ЭЛТ;;Открытая;ПС 400 кВ Выборгская;Технологическое оборудование, определяющее режим и пропускную способность ВПК;;с отключением;Б;;00:00 01.11.23;24:00 30.11.23;00:00 01.11.23;ВПр;ПЛ;;04:00;; 
11181;19767;МЭС Северо-Запада;ЭЛТ.Прочее ЭЛТ;;Открытая;ПС 400 кВ Выборгская;Технологическое оборудование, определяющее режим и пропускную способность ВПК;;с отключением;Б;;00:00 01.11.23;24:00 30.11.23;00:00 01.11.23;ВПр;ПЛ;;ВЗ;; 
11182;19771;МЭС Северо-Запада;ЭЛТ.СКРМ.БК.БК 35 кВ;;Открытая;ПС 400 кВ Выборгская;ДКБ ТИ-4;;с отключением;Б;;00:00 01.11.23;24:00 30.11.23;00:00 01.11.23;ВПр;ПЛ;;ВЗ;; 
11183;19772;МЭС Северо-Запада;ЭЛТ.СКРМ.БК.БК 35 кВ;;Открытая;ПС 400 кВ Выборгская;ДКБ ТИ-3;;с отключением;Б;;00:00 01.11.23;24:00 30.11.23;00:00 01.11.23;ВПр;ПЛ;;ВЗ;; 
11185;19773;МЭС Северо-Запада;ЭЛТ.СКРМ.БК.БК 35 кВ;;Открытая;ПС 400 кВ Выборгская;ДКБ ТВ-4;;с отключением;Б;;00:00 01.11.23;24:00 30.11.23;00:00 01.11.23;ВПр;ПЛ;;ВЗ;; 
11406;4427;Коми РДУ;ЭЛТ.В.В 220 кВ;;Открытая;Печорская ГРЭС;В РТСН-2;;с отключением;ТБ № 83,84 от 08.06.2023;;00:00 01.11.23;24:00 30.11.23;00:00 01.11.23;РЕК;ПЛ;;11;; 
11463;18792;Ленинградское РДУ;РЗА.ПА;;Открытая;ПС 400 кВ Выборгская;УФСМ-400 кВ;;с отключением;Б;;00:00 01.11.23;24:00 30.11.23;00:00 01.11.23;ВПр;ПЛ;;04:00;;без отключения ЛЭП (оборудования)
11530;6186;Кольское РДУ;ЭНРГ.Б;;Открытая;Кольская АЭС;Блок 1;ТГ-2;с отключением;П  2ТЭП-02 от 05.05.2016;;00:00 01.11.23;24:00 30.11.23;00:00 01.11.23;ХР;НПЛ;;ВЗ;; 
11569;4539;Коми РДУ;ЭНРГ.ТГ;;Открытая;Воркутинская ТЭЦ-2;ТГ-4;;с отключением;Пусто;;00:00 01.11.23;24:00 30.11.23;00:00 01.11.23;ХР;НПЛ;;ВЗ;; 
11570;4541;Коми РДУ;ЭНРГ.ТГ;;Открытая;Воркутинская ТЭЦ-2;ТГ-2;;с отключением;Пусто;;00:00 01.11.23;24:00 30.11.23;00:00 01.11.23;ХР;НПЛ;;ВЗ;; 
11674;6053;Новгородское РДУ;ЭНРГ.ТГ;;Открытая;Новгородская ТЭЦ;ТГ-3;;без отключения;Пусто;;00:00 01.11.23;24:00 30.11.23;00:00 01.11.23;ЗРР;НПЛ;;ВЗ;; 
11679;19450;Ленинградское РДУ;ЭНРГ.Б;;Открытая;Южная ТЭЦ (ТЭЦ-22);Блок 2;;с отключением;Пусто;;00:00 01.11.23;24:00 30.11.23;00:00 01.11.23;ХР;НПЛ;;ВЗ;; 
11696;20380;ОДУ Центра;ЭЛТ.В.В 330 кВ;;Открытая;ПС 330 кВ Талашкино;В 330;;с отключением;Б;;00:00 01.11.23;24:00 30.11.23;00:00 01.11.23;ТР;НПЛ;;06:00;;с разборкой токовых цепей
11709;2028;Elering AS;ЛЭП.ЛЭП 330 кВ;;Открытая;Elering AS;ВЛ 330 кВ Харку – Синди (Л 503);;с отключением;П;;00:00 01.11.23;24:00 30.11.23;00:00 01.11.23;РЕЗ;НПЛ;;00:10;; 
11710;0;ОДУ Северо-Запада;ЭЛТ.Прочее ЭЛТ;;Открытая;ОДУ Северо-Запада;Ограничение режима ОЭС Северо-Запада;;без отключения;Пусто;;00:00 01.11.23;24:00 30.11.23;00:00 01.11.23;ЗРР;НПЛ;;00:10;; 
11770;20469;ОДУ Центра;СДТУ.СДТУ Н;;Открытая;Костромская АЭС;СДТУ направления Костромское РДУ – Костромская АЭС;;с отключением;Пусто;;00:00 01.11.23;24:00 30.11.23;00:00 01.11.23;Н;НПЛ;;01:00;;без отключения ЛЭП (оборудования)
11628;19280;Ленинградское РДУ;ЛЭП.ЛЭП 330 кВ;;Открытая;Ленинградское ПМЭС;ВЛ 330 кВ Ленинградская АЭС – Восточная;;без отключения;Пусто;;19:15 31.10.23;19:15 30.11.23;19:15 31.10.23;ЗРР;ПЛ;;00:30;; 
11772;19664;Ленинградское РДУ;РЗА.ПА;;Открытая;ПС 400 кВ Выборгская;АРО 330 кВ;;с отключением;ТП ОДУ С-З от 15.02.2018 №188.1.ПА /№188.2.ПА;;19:00 31.10.23;20:00 29.12.23;19:00 31.10.23;ВПр;НПЛ;;00:15;;без отключения ЛЭП (оборудования)
11737;315;Северо-Западная ТЭЦ;РЗА.РЗ;;Открытая;Северо-Западная ТЭЦ;ВЧЗ ВЛ 330 кВ Северо-Западная ТЭЦ – Выборгская (ПДЭ 2802);;с отключением;ТП ОДУ Северо-Запада №60.1.РЗ от 28.02.2017/60.2.РЗ от 28.02.2017;;08:00 31.10.23;24:00 25.11.23;08:00 31.10.23;ВПр;НПЛ;;00:30;; 
11673;6054;Новгородское РДУ;ЭНРГ.ТГ;;Открытая;Новгородская ТЭЦ;ТГ-2;;с отключением;Пусто;;00:01 31.10.23;24:00 30.11.23;00:01 31.10.23;ХР;НПЛ;;ВЗ;; 
11580;5946;Новгородское РДУ;ЭНРГ.Б;;Открытая;Псковская ГРЭС;Блок 1;;с отключением;Пусто;;23:01 30.10.23;24:00 30.11.23;23:01 30.10.23;ХР;НПЛ;;ВЗ;; 
11536;19389;Ленинградское РДУ;ЛЭП.ЛЭП 330 кВ;;Открытая;Ленинградское ПМЭС;КВЛ 330 кВ Ленинградская – Кингисеппская;;без отключения;Пусто;;17:00 26.10.23;19:50 30.11.23;17:00 26.10.23;ЗРР;НО;;01:00;; 
11316;4477;Коми РДУ;ЭНРГ.ТГ;;Открытая;Воркутинская ТЭЦ-2;ТГ-6;;с отключением;Пусто;;00:01 25.10.23;24:00 30.11.23;00:01 25.10.23;ХР;НПЛ;;ВЗ;; 
11167;18315;Ленинградское РДУ;ЭЛТ.В.В 330 кВ;;Открытая;Киришская ГРЭС;ВЛ-387;;с отключением;Б;да;08:00 23.10.23;20:00 08.12.23;08:00 23.10.23;КР;ПЛ;;ВЗ;;с отключением токовых цепей
11346;18992;Ленинградское РДУ;ЛЭП.ЛЭП 330 кВ;;Разрешенная;Киришская ГРЭС;ВЛ 330 кВ Киришская ГРЭС – Сясь;;без отключения;П 114|136, 115/137 от 24.10.2023;;08:00 23.10.23;20:00 08.12.23;08:00 23.10.23;ЗРР;НПЛ;;00:10;;не в транзите
11117;19399;ОДУ Центра;ЛЭП.ЛЭП 750 кВ;;Открытая;ПС 750 кВ Белорусская;ВЛ 750 кВ Смоленская АЭС – Белорусская (Л-707);;с отключением;П;;14:00 20.10.23;23:59 31.12.23;00:00 20.10.23;ТР;ПЛ;;ВЗ;;под наведенным напряжением
10868;4368;Коми РДУ;ЭНРГ.ТГ;;Открытая;Сосногорская ТЭЦ;ТГ-4;;с отключением;Пусто;;16:01 13.10.23;24:00 30.11.23;16:01 13.10.23;ХР;НПЛ;;ВЗ;; 
10516;4129;Коми РДУ;ЭНРГ.ТГ;;Открытая;Сосногорская ТЭЦ;ТГ-6;;с отключением;Пусто;;00:01 10.10.23;24:00 12.12.23;00:01 10.10.23;КР;ПЛ;;ВЗ;; 
10440;17316;Ленинградское РДУ;ЛЭП.ЛЭП 330 кВ;;Разрешенная;Ленинградское ПМЭС;ВЛ 330 кВ Северо-Западная ТЭЦ – Зеленогорск;;без отключения;Пусто;;09:00 06.10.23;19:15 30.11.23;09:00 06.10.23;ЗРР;ПЛ;;00:30;; 
10565;36018;ЦДУ;ЭНРГ.Б;;Открытая;Белорусская АЭС;Блок № 1;;с отключением;Пусто;;08:00 06.10.23;07:30 20.12.23;08:00 06.10.23;ТР;ПЛ;;ВЗ;; 
10340;17178;Ленинградское РДУ;ЭЛТ.Р.РШ.РШ 10 кВ;;Открытая;ПС 330 кВ Кингисеппская;Р-1-10;;с отключением;Б;;00:00 01.10.23;24:00 30.11.23;00:00 01.10.23;ВПр;НПЛ;;ВЗ;; 
8754;3606;Архангельское РДУ;ЭНРГ.ТГ;;Открытая;Архангельская ТЭЦ;2ТГ;;с отключением;Пусто;;08:01 01.09.23;24:00 30.11.23;08:01 01.09.23;КР;ПЛ;;ВЗ;; 
7992;4325;Кольское РДУ;ЭНРГ.ГГ;;Открытая;Серебрянская ГЭС-15;ГГ-3;;с отключением;Б;;00:01 21.08.23;24:00 06.04.24;00:01 21.08.23;КР;ПЛ;;ВЗ;; 
8052;4324;Карельское РДУ;СДТУ.СДТУ Н;;Открытая;Ондская ГЭС (ГЭС-4);СДТУ направления Карельское РДУ – Ондская ГЭС (ГЭС-4);;с отключением;Пусто;;17:00 11.08.23;24:00 30.11.23;17:00 11.08.23;ВП;НО;;ВЗ;;без отключения ЛЭП (оборудования)
7370;12098;Ленинградское РДУ;ЛЭП.ЛЭП 330 кВ;;Разрешенная;Ленинградское ПМЭС;КВЛ 330 кВ Копорская – Пулковская;;без отключения;Пусто;;08:00 02.08.23;24:00 31.12.23;08:00 02.08.23;ЗРР;ПЛ;;00:30;; 
7194;365980;Litgrid AB;ЛЭП.ЛЭП 330 кВ;;Открытая;Litgrid AB;ВЛ 330 кВ Клайпеда – Шиша (ВЛ 530);;с отключением;П;да;07:30 01.08.23;17:00 01.05.24;07:30 01.08.23;КР;ПЛ;;ВЗ;Да; 
6970;325960;Litgrid AB;ЛЭП.ЛЭП 330 кВ;;Открытая;Litgrid AB;ВЛ 330 кВ Утена – Поставы (ВЛ 452);;с отключением;Пусто;да;19:00 31.07.23;24:00 31.12.23;19:00 31.07.23;КР;НПЛ;;5;Да; 
7539;406088;Augstsprieguma tikls;ЛЭП.ЛЭП 330 кВ;;Открытая;Augstsprieguma tikls;ВЛ 330 кВ Броцени – Вискали (ВЛ 322);;с отключением;П;;08:00 31.07.23;08:00 30.12.23;08:00 31.07.23;РЕЗ;НПЛ;;00:25;; 
7544;406089;Augstsprieguma tikls;ЛЭП.ЛЭП 330 кВ;;Открытая;Augstsprieguma tikls;ВЛ 330 кВ Гробиня – Броцени (ВЛ 323);;с отключением;Пусто;;08:00 31.07.23;08:00 30.12.23;08:00 31.07.23;РЕЗ;НПЛ;;00:25;; 
7197;366350;Litgrid AB;ЛЭП.ЛЭП 330 кВ;;Открытая;ПС 330 кВ Шяуляй;ВЛ 330 кВ Шяуляй – Каунас (ВЛ 306);;без отключения;Пусто;да;09:00 28.07.23;18:00 29.04.24;09:00 28.07.23;ЗРР;НПЛ;;ВЗ;; 
7201;366350;Litgrid AB;ЛЭП.ЛЭП 330 кВ;;Открытая;ПС 330 кВ Шяуляй;ВЛ 330 кВ Вискали – Шяуляй/Тельшяй (ВЛ 305/457);;без отключения;Пусто;да;09:00 28.07.23;18:00 29.04.24;09:00 28.07.23;ЗРР;НПЛ;;ВЗ;; 
6668;2377;Балтийское РДУ;ЛЭП.ЛЭП 110 кВ;;Открытая;ЦУС Россети Янтарь;ВЛ 110 кВ О-5 Советск – Пагегяй (Л-104);;с отключением;П;да;18:00 12.07.23;18:00 31.12.23;18:00 12.07.23;РЕЗ;НПЛ;;00:10;; 
6670;2378;Балтийское РДУ;ЛЭП.ЛЭП 110 кВ;;Открытая;ЦУС Россети Янтарь;ВЛ 110 кВ О-5 Советск – Пагегяй (Л-105);;с отключением;П;да;18:00 12.07.23;18:00 31.12.23;18:00 12.07.23;РЕЗ;НПЛ;;00:10;; 
6470;364060;Litgrid AB;ЛЭП.ЛЭП 330 кВ;;Открытая;Litgrid AB;ВЛ 330 кВ Круонио ГАЭС – Алитус №1 (ВЛ 366);;с отключением;П;да;07:30 08.07.23;18:00 05.04.24;07:30 08.07.23;БВР;НПЛ;;ВЗ;Да; 
5456;9757;МЭС Северо-Запада;ЭЛТ.СКРМ.СК.СК 15,75 кВ;;Открытая;ПС 400 кВ Выборгская;СК-4;;с отключением;Б;;00:00 01.07.23;24:00 31.12.23;00:00 01.07.23;ВПр;ПЛ;;08:00;; 
5457;9758;МЭС Северо-Запада;ЭЛТ.СШ.СШ 400 кВ;;Открытая;ПС 400 кВ Выборгская;1ш 400 кВ;;с отключением;Б;;00:00 01.07.23;24:00 31.12.23;00:00 01.07.23;ВПр;ПЛ;;04:00;; 
5458;9759;МЭС Северо-Запада;ЭЛТ.СШ.СШ 400 кВ;;Открытая;ПС 400 кВ Выборгская;2ш 400 кВ;;с отключением;Б;;00:00 01.07.23;24:00 31.12.23;00:00 01.07.23;ВПр;ПЛ;;04:00;; 
5459;9760;МЭС Северо-Запада;ЭЛТ.СШ.СШ 400 кВ;;Открытая;ПС 400 кВ Выборгская;3ш 400 кВ;;с отключением;Б;;00:00 01.07.23;24:00 31.12.23;00:00 01.07.23;ВПр;ПЛ;;04:00;; 
5460;9762;МЭС Северо-Запада;ЭЛТ.СШ.СШ 400 кВ;;Открытая;ПС 400 кВ Выборгская;4ш 400 кВ;;с отключением;Б;;00:00 01.07.23;24:00 31.12.23;00:00 01.07.23;ВПр;ПЛ;;04:00;; 
5461;9769;МЭС Северо-Запада;ЭЛТ.ВУ.ВУ 400 кВ;;Открытая;ПС 400 кВ Выборгская;КВПУ-1;;с отключением;Б;;00:00 01.07.23;24:00 31.12.23;00:00 01.07.23;ВПр;ПЛ;;04:00;; 
5462;9771;МЭС Северо-Запада;ЭЛТ.ВУ.ВУ 400 кВ;;Открытая;ПС 400 кВ Выборгская;КВПУ-2;;с отключением;Б;да;00:00 01.07.23;24:00 31.12.23;00:00 01.07.23;ВПр;ПЛ;;04:00;; 
5463;9772;МЭС Северо-Запада;ЭЛТ.ВУ.ВУ 400 кВ;;Открытая;ПС 400 кВ Выборгская;КВПУ-3;;с отключением;Б;да;00:00 01.07.23;24:00 31.12.23;00:00 01.07.23;ВПр;ПЛ;;04:00;; 
5464;9775;МЭС Северо-Запада;ЭЛТ.ВУ.ВУ 400 кВ;;Открытая;ПС 400 кВ Выборгская;КВПУ-4;;с отключением;Б;да;00:00 01.07.23;24:00 31.12.23;00:00 01.07.23;ВПр;ПЛ;;04:00;; 
5465;9776;МЭС Северо-Запада;ЭЛТ.АТ,Т.АТ,Т 400 кВ;;Открытая;ПС 400 кВ Выборгская;АТ-3;;с отключением;Б;да;00:00 01.07.23;24:00 31.12.23;00:00 01.07.23;ВПр;ПЛ;;04:00;; 
6248;161;Fingrid;ЛЭП.ЛЭП 400 кВ;;Открытая;Fingrid;ВЛ 400 кВ Выборгская – Кюми (ЛЛн-1);;с отключением;Пусто не требуется;;00:00 01.07.23;23:59 31.12.23;00:00 01.07.23;ВПр;АВ;;ВЗ;Да;под наведенным напряжением
6249;161;Fingrid;ЛЭП.ЛЭП 400 кВ;;Открытая;Fingrid;ВЛ 400 кВ Выборгская – Юлликкяля (ЛЛн-2);;с отключением;Пусто не требуется;да;00:00 01.07.23;23:59 31.12.23;00:00 01.07.23;ВПр;АВ;;ВЗ;Да;под наведенным напряжением
6250;161;Fingrid;ЛЭП.ЛЭП 400 кВ;;Открытая;Fingrid;ВЛ 400 кВ Выборгская – Юлликкяля (ЛЛн-3);;с отключением;Пусто не требуется;да;00:00 01.07.23;23:59 31.12.23;00:00 01.07.23;ВПр;АВ;;ВЗ;Да;под наведенным напряжением
5527;0;ОДУ Северо-Запада;ЭЛТ.В.В 330 кВ;;Открытая;Киришская ГРЭС;ВЛ-387;;с отключением;Пусто;да;00:00 19.06.23;24:00 31.12.23;00:00 19.06.23;РЕЗ;НПЛ;;ВЗ;; 
4992;106016;Augstsprieguma tikls;ЛЭП.ЛЭП 330 кВ;;Открытая;Augstsprieguma tikls;ВЛ 330 кВ Тсиргулийна – Валмиера (ВЛ 354);;с отключением;П;да;08:00 05.06.23;17:00 31.05.24;08:00 05.06.23;КР;ПЛ;;ВЗ;Да; 
4533;1489;Elering AS;ЛЭП.ЛЭП 330 кВ;;Открытая;Elering AS;ВЛ 330 кВ Виру – Тсиргулийна (ВЛ 353);;с отключением;ТП;да;08:00 03.06.23;18:00 15.12.24;08:00 03.06.23;КР;ПЛ;;ВЗ;Да; 
3495;357350;Litgrid AB;ЛЭП.ЛЭП 110 кВ;;Открытая;ПС 110 кВ Кибартай;ВЛ 110 кВ О-15 Нестеров – Кибартай (Л-130);;с отключением;ТП №31 по выводу в ремонт ВЛ 110 кВ О-15 Нестеров - Кибартай (Л-130) и ТПП №32 по вводу в работу ВЛ 110 кВ О-15 Нестеров - Кибартай (Л-130), утв. 20.02.2023г.;да;19:30 05.05.23;17:00 04.12.23;19:30 05.05.23;ВПр;ПЛ;;ВЗ;Да; 
3291;4610;Ленинградское РДУ;ЭНРГ.Б;;Открытая;Северная ТЭЦ (ТЭЦ-21);Блок 4;;с отключением;Пусто;;00:01 01.05.23;24:00 31.12.24;00:01 01.05.23;РЕК;ПЛ;;ВЗ;; 
2291;2928;Ленинградское РДУ;ЭНРГ.ТГ;;Открытая;Киришская ГРЭС;Г-1т;;с отключением;Пусто;;00:01 01.04.23;24:00 31.03.25;00:01 01.04.23;РЕК;ПЛ;;ВЗ;; 
559;742;Ленинградское РДУ;ЭЛТ.АТ,Т.АТ,Т 330 кВ;;Открытая;ПС 330 кВ Восточная;АТ-2;;без отключения;Б;;00:00 02.02.23;24:00 01.02.24;00:00 02.02.23;ЗРР;НПЛ;;ВЗ;; 
11379;334240;Litgrid AB;ЛЭП.ЛЭП 330 кВ;;Открытая;Litgrid AB;ВЛ 330 кВ Алитус – Гродно (ВЛ 368);;с отключением;ТП;да;09:30 25.10.22;19:30 31.10.25;09:30 25.10.22;АР;НО;;ВЗ;Да; 
11098;333440;Litgrid AB;ЛЭП.ЛЭП 330 кВ;;Открытая;ПС 400 кВ Алитус;ВЛ 330 кВ Алитус – Гродно (ВЛ 368);;с отключением;ТП;да;08:00 25.10.22;24:00 31.12.25;08:00 25.10.22;КР;НПЛ;;ВЗ;Да; 
11505;0;ОДУ Северо-Запада;АСДУ.СС;;Не рассмотренная;ОДУ Северо-Запада;Система коллективного отображения информации тренажерной подготовки персонала (СКОИ ТПП);;без отключения;Пусто;;;;10:00 30.11.23;П;НПЛ;;00:20;; 
12037;19277;Ленинградское РДУ;СДТУ.СДТУ Н;;Не рассмотренная;ПС 750 кВ Ленинградская;СДТУ направления Ленинградское РДУ – ПС 750 кВ Ленинградская;;с отключением;П 2023-АСУ-2;;;;09:00 14.11.23;ВП;ПЛ;;01:00;;без отключения ЛЭП (оборудования)
12216;20097;Ленинградское РДУ;РЗА.ПА;;Не рассмотренная;ПС 330 кВ Завод Ильич;УОН 2 комплект;;без отключения;Пусто;;;;09:00 16.11.23;ЗРР;НПЛ;;ВЗ;;без отключения ЛЭП (оборудования)
12217;20096;Ленинградское РДУ;РЗА.ПА;;Не рассмотренная;ПС 330 кВ Завод Ильич;УОН 1 комплект;;без отключения;Пусто;;;;09:00 16.11.23;ЗРР;НПЛ;;ВЗ;;без отключения ЛЭП (оборудования)
12303;0;ОДУ Северо-Запада;АСДУ.ПАК;;Не рассмотренная;ОДУ Северо-Запада;ПАК Система мониторинга фактического действия систем АРЧМ генераторов (ПАК СМ);;с отключением;Пусто;;;;09:00 15.12.23;П;НПЛ;;00:30;; 
12331;21014;МЭС Северо-Запада;РЗА.РЗ;;Не рассмотренная;ПС 330 кВ Василеостровская;ДЗШ 1 комплект 1 СШ 330 (7UT63);;с отключением;Б;;;;06:00 04.12.23;ВП;ПЛ;;01:00;;без отключения ЛЭП (оборудования)
12360;20270;Ленинградское РДУ;РЗА.ПА.УПАСК;;Не рассмотренная;ПС 400 кВ Выборгская;ПРД/ПРМ Tebit по ВОЛС ПС 400 кВ Выборгская – ПС 330 кВ Каменногорская;;с отключением;П;;;;09:00 27.11.23;ВПр;НПЛ;;00:20;;без отключения ЛЭП (оборудования)
12376;20305;Ленинградское РДУ;ЛЭП.ЛЭП 330 кВ;;Не рассмотренная;МЭС Северо-Запада;ВЛ 330 кВ Восточная – Выборгская II цепь;;с отключением;ТП 45,46 от 24.11.2021;да;;;08:00 01.12.23;КР;ПЛ;;72:00;;под наведенным напряжением
12378;20637;Ленинградское РДУ;РЗА.ПА;;Не рассмотренная;ПС 330 кВ Завод Ильич;УОН 1 комплект;;с отключением;КП;;;;09:00 23.11.23;ВКЛ;НПЛ;;ВЗ;;без отключения ЛЭП (оборудования)
12381;20638;Ленинградское РДУ;РЗА.ПА;;Не рассмотренная;ПС 330 кВ Завод Ильич;УОН 2 комплект;;с отключением;КП;;;;09:00 23.11.23;ВКЛ;НПЛ;;ВЗ;;без отключения ЛЭП (оборудования)
12387;21464;МЭС Северо-Запада;ЭЛТ.Прочее ЭЛТ;;Не рассмотренная;ПС 400 кВ Выборгская;Технологическое оборудование, определяющее режим и пропускную способность ВПК;;с отключением;Б;;;;00:00 01.12.23;ВПр;ПЛ;;ВЗ;; 
12388;21466;МЭС Северо-Запада;ЭЛТ.СКРМ.БК.БК 35 кВ;;Не рассмотренная;ПС 400 кВ Выборгская;ДКБ ТВ-4;;с отключением;Б;;;;00:00 01.12.23;ВПр;ПЛ;;ВЗ;; 
12390;21467;МЭС Северо-Запада;ЭЛТ.СКРМ.БК.БК 35 кВ;;Не рассмотренная;ПС 400 кВ Выборгская;ДКБ ТИ-3;;с отключением;Б;;;;00:00 01.12.23;ВПр;ПЛ;;ВЗ;; 
12391;21468;МЭС Северо-Запада;ЭЛТ.СКРМ.БК.БК 35 кВ;;Не рассмотренная;ПС 400 кВ Выборгская;ДКБ ТИ-4;;с отключением;Б;;;;00:00 01.12.23;ВПр;ПЛ;;ВЗ;; 
12393;21463;МЭС Северо-Запада;ЭЛТ.Прочее ЭЛТ;;Не рассмотренная;ПС 400 кВ Выборгская;Технологическое оборудование, определяющее режим и пропускную способность ВПК;;с отключением;Б;;;;00:00 01.12.23;ВПр;ПЛ;;04:00;; 
12407;0;ОДУ Северо-Запада;АСДУ.ПАК;;Не рассмотренная;ОДУ Северо-Запада;CK11.Proxy;;без отключения;Пусто;;;;10:00 30.11.23;П;НПЛ;;00:30;; 
12410;6428;Новгородское РДУ;РЗА.ПА;;Не рассмотренная;ПС 330 кВ Новосокольники;АОПН ВЛ 330 кВ Новосокольники – Талашкино (7SJ641);;с отключением;Б от 30.11.23;;;;08:00 30.11.23;ТК;НПЛ;;02:00;;без отключения ЛЭП (оборудования)
12414;6525;Карельское РДУ;АСДУ.ПАК;;Не рассмотренная;Карельское РДУ;ПАК «MODES-Terminal»;;без отключения;Пусто;;;;09:00 04.12.23;ОПО;НПЛ;;00:15;; 
12425;21017;МЭС Северо-Запада;РЗА.РЗ;;Не рассмотренная;ПС 330 кВ Василеостровская;ДЗШ 2 комплект 1 СШ 330 (7UT63);;с отключением;Б;;;;00:00 06.12.23;ВП;ПЛ;;01:00;;без отключения ЛЭП (оборудования)
12426;21526;МЭС Северо-Запада;РЗА.РЗ;;Не рассмотренная;ПС 750 кВ Ленинградская;Комплект 1 основной защиты ВЛ 330 кВ Ленинградская – Звёздная II цепь (ДЗЛ, СЗ) (7SD52);;с отключением;Б;;;;06:00 07.12.23;ВП;НПЛ;;02:00;;без отключения ЛЭП (оборудования)
12427;21536;МЭС Северо-Запада;РЗА.РЗ;;Не рассмотренная;ПС 330 кВ Звёздная;Комплект 1 основной защиты ВЛ 330 кВ Ленинградская – Звёздная II цепь (ДЗЛ, СЗ) (7SD52);;с отключением;Б;;;;06:00 07.12.23;ВПр;НПЛ;;00:30;;без отключения ЛЭП (оборудования)
12428;21489;МЭС Северо-Запада;ЛЭП.ЛЭП 750 кВ;;Не рассмотренная;Ленинградское ПМЭС;ВЛ 750 кВ Белозерская – Ленинградская;;с отключением;ТП;да;;;06:00 08.12.23;ТР;ПЛ;;04:00;Да;под наведенным напряжением
12429;21283;МЭС Северо-Запада;ЛЭП.ЛЭП 750 кВ;;Не рассмотренная;Карельское ПМЭС;ВЛ 750 кВ Белозерская – Ленинградская;;с отключением;ТП;да;;;08:00 08.12.23;КР;ПЛ;;08:00;Да;под наведенным напряжением
12474;20740;Ленинградское РДУ;ЭЛТ.СШ.СШ 330 кВ;;Не рассмотренная;ПС 330 кВ Ржевская;1Ш 330кВ;;с отключением;П Вывод 122/144, ввод 123/145 от 15.11.2023;;;;00:00 29.11.23;РЕК;НПЛ;;04:00;; 
12475;20741;Ленинградское РДУ;ЭЛТ.В.В 330 кВ;;Не рассмотренная;ПС 330 кВ Ржевская;В Л-388/АТ-1;;с отключением;П Вывод 122/144, ввод 123/145 от 15.11.2023;;;;00:00 29.11.23;БВР;НПЛ;;04:00;; 
12476;20743;Ленинградское РДУ;ЭЛТ.В.В 330 кВ;;Не рассмотренная;ПС 330 кВ Ржевская;В Л-488/АТ-1;;с отключением;П Вывод 122/144, ввод 123/145 от 15.11.2023;;;;00:00 29.11.23;БВР;НПЛ;;04:00;; 
12504;20505;Ленинградское РДУ;РЗА.ПА;;Не рассмотренная;ПС 330 кВ Западная;АОПО КВЛ 330 кВ Западная – Пулковская;;без отключения;Б;да;;;08:00 30.11.23;ЗРР;НПЛ;;00:30;;без отключения ЛЭП (оборудования)
12508;6719;Кольское РДУ;СДТУ.СДТУ Н;;Не рассмотренная;Кольская ВЭС;СДТУ направления Кольское РДУ – Кольская ВЭС;;без отключения;Пусто;;;;08:01 04.12.23;ВПр;НПЛ;;01:00;;без отключения ЛЭП (оборудования)
12510;6488;Новгородское РДУ;СДТУ.СДТУ Н;;Не рассмотренная;ПС 330 кВ Юго-Западная;СДТУ направления Новгородское РДУ – ПС 330 кВ Юго-Западная;;с отключением;Пусто;;;;09:00 04.12.23;К;НПЛ;;01:00;;без отключения ЛЭП (оборудования)
12526;21760;МЭС Северо-Запада;РЗА.РЗ;;Не рассмотренная;ПС 330 кВ Ржевская;ДЗО стороны ВН комплект 1 АТ-3 (ШЭ2710 542);;с отключением;КП;;;;00:00 01.12.23;ВКЛ;НПЛ;;ВЗ;; 
12527;21761;МЭС Северо-Запада;РЗА.РЗ;;Не рассмотренная;ПС 330 кВ Ржевская;ДЗО стороны ВН комплект 2 АТ-3 (ШЭ2710 542);;с отключением;КП;;;;00:00 01.12.23;ВКЛ;НПЛ;;ВЗ;; 
12528;21762;МЭС Северо-Запада;РЗА.РЗ;;Не рассмотренная;ПС 330 кВ Ржевская;КСЗ стороны ВН АТ-3 (ДЗ, ТЗНП) (ШЭ2710 542);;с отключением;КП;;;;00:00 01.12.23;ВКЛ;НПЛ;;ВЗ;; 
12530;20508;Ленинградское РДУ;РЗА.ПА;;Не рассмотренная;ПС 220 кВ Колпинская;АОПО ВЛ 220 кВ Звёздная – Колпинская;;без отключения;Б;да;;;00:00 01.12.23;ЗРР;НПЛ;;00:30;;без отключения ЛЭП (оборудования)
12531;20509;Ленинградское РДУ;РЗА.ПА;;Не рассмотренная;ПС 220 кВ Колпинская;АОПО КВЛ 220 кВ Колпинская – Славянка;;без отключения;Б;;;;00:00 01.12.23;ЗРР;НПЛ;;00:30;;без отключения ЛЭП (оборудования)
12532;20513;Ленинградское РДУ;РЗА.ПА;;Не рассмотренная;ПС 330 кВ Звёздная;АОПО ВЛ 330 кВ Ленинградская – Звёздная I цепь;;без отключения;Б;;;;00:00 01.12.23;ЗРР;НПЛ;;00:30;;без отключения ЛЭП (оборудования)
12533;20514;Ленинградское РДУ;РЗА.ПА;;Не рассмотренная;ПС 330 кВ Звёздная;АОПО ВЛ 330 кВ Ленинградская – Звёздная II цепь;;без отключения;Б;да;;;00:00 01.12.23;ЗРР;НПЛ;;00:30;;без отключения ЛЭП (оборудования)
12550;20512;Ленинградское РДУ;ЭЛТ.Р.РШ.РШ 10 кВ;;Не рассмотренная;ПС 330 кВ Кингисеппская;Р-1-10;;с отключением;Пусто;да;;;00:00 01.12.23;ВПр;НПЛ;;ВЗ;; 
12553;20554;Ленинградское РДУ;РЗА.ПА;;Не рассмотренная;ПС 330 кВ Тихвин-Литейный;Комплект ПА №2 ВЛ 330 кВ Петрозаводск – Тихвин-Литейный (ФОЛ, АЛАР, АОПН, УРОВ АОПН) ;;с отключением;Б;;;;08:00 30.11.23;ВП;НПЛ;;02:00;;без отключения ЛЭП (оборудования)
12555;4787;Коми РДУ;ЭНРГ.Б;;Не рассмотренная;Печорская ГРЭС;Блок 2;;с отключением;Пусто;;;;17:01 04.12.23;ХР;НПЛ;;ВЗ;; 
12557;20755;Ленинградское РДУ;РЗА.ПА;;Не рассмотренная;ПС 400 кВ Выборгская;УФСМ-400 кВ;;с отключением;Б;;;;00:00 01.12.23;ВПр;ПЛ;;04:00;;без отключения ЛЭП (оборудования)
14002;24966;Ленинградское РДУ;РЗА.ПА;;Не рассмотренная;ПС 330 кВ Тихвин-Литейный;АОПО ВЛ 330 кВ Киришская ГРЭС – Тихвин-Литейный;;без отключения;Б;;;;08:00 01.12.23;ЗРР;ПЛ;;00:30;; 
14003;24967;Ленинградское РДУ;РЗА.ПА;;Не рассмотренная;ПС 330 кВ Тихвин-Литейный;АОПО АТ-3;;без отключения;Б;да;;;08:00 01.12.23;ЗРР;ПЛ;;00:30;; 
12560;20966;Ленинградское РДУ;РЗА.ПА;;Не рассмотренная;Ленинградская АЭС;АОПО 4АТ;;без отключения;Б;да;;;08:00 01.12.23;ЗРР;ПЛ;;00:20;; 
12575;0;ОДУ Северо-Запада;ЭЛТ.Прочее ЭЛТ;;Не рассмотренная;Ленинградское РДУ;Снижение надежности системы бесперебойного или гарантированного электроснабжения диспетчерского центра Ленинградское РДУ;;без отключения;Пусто;;;;10:00 01.12.23;ЗРР;ПЛ;;00:30;; 
12584;20771;Ленинградское РДУ;ЛЭП.ЛЭП 330 кВ;;Не рассмотренная;Ленинградское ПМЭС;ВЛ 330 кВ Северо-Западная ТЭЦ – Зеленогорск;;с отключением;ТП №57, №58;да;;;09:00 01.12.23;БВР;ПЛ;;01:00;Да; 
12590;21009;Ленинградское РДУ;ЭЛТ.СШ.СШ 330 кВ;;Не рассмотренная;ПС 330 кВ Ржевская;1Ш 330кВ;;с отключением;КП;;;;00:00 30.11.23;ВПр;НПЛ;;ВЗ;; 
12591;21010;Ленинградское РДУ;ЭЛТ.В.В 330 кВ;;Не рассмотренная;ПС 330 кВ Ржевская;В Л-388/АТ-1;;с отключением;КП;;;;00:00 30.11.23;ВПр;НПЛ;;ВЗ;; 
12592;21011;Ленинградское РДУ;ЭЛТ.В.В 330 кВ;;Не рассмотренная;ПС 330 кВ Ржевская;В Л-488/АТ-1;;с отключением;КП;;;;00:00 30.11.23;ВПр;НПЛ;;02:00;; 
12594;21006;Ленинградское РДУ;ЭЛТ.В.В 330 кВ;;Не рассмотренная;ПС 330 кВ Ржевская;В 330 АТ-3/АТ-1;;с отключением;КП;;;;00:00 30.11.23;ВКЛ;НПЛ;;ВЗ;; 
12595;21007;Ленинградское РДУ;ЭЛТ.В.В 330 кВ;;Не рассмотренная;ПС 330 кВ Ржевская;В 330 АТ-3/АТ-2;;с отключением;КП;;;;00:00 30.11.23;ВКЛ;НПЛ;;ВЗ;; 
12602;21906;МЭС Северо-Запада;РЗА;;Не рассмотренная;ПС 330 кВ Ржевская;Комплект РЗА В 330 АТ-3/АТ-1 (АУВ, УРОВ, АПВ) (БЭ2704 419);;с отключением;КП;;;;00:00 01.12.23;ВКЛ;НПЛ;;ВЗ;; 
12603;21897;МЭС Северо-Запада;РЗА;;Не рассмотренная;ПС 330 кВ Ржевская;Комплект РЗА В 330 АТ-3/АТ-2 (АУВ, УРОВ, АПВ) (БЭ2704 419);;с отключением;КП;;;;00:00 01.12.23;ВКЛ;НПЛ;;ВЗ;; 
12608;21910;МЭС Северо-Запада;РЗА.РЗ;;Не рассмотренная;ПС 750 кВ Ленинградская;Комплект защит №2 ВЛ 330 кВ Ленинградская – Колпино I цепь (ДЗЛ) (7SD52);;без отключения;Б;;;;03:30 24.11.23;ЗРР;НПЛ;;00:30;;без отключения ЛЭП (оборудования)
12609;21917;МЭС Северо-Запада;РЗА.РЗ;;Не рассмотренная;ПС 330 кВ Колпино;Комплект защит №2 ВЛ 330 кВ Ленинградская – Колпино I цепь (ДЗЛ) (7SD52);;без отключения;Б;;;;03:30 24.11.23;ЗРР;НПЛ;;00:30;;без отключения ЛЭП (оборудования)
12610;21916;МЭС Северо-Запада;РЗА.РЗ;;Не рассмотренная;ПС 750 кВ Ленинградская;Комплект защит №2 ВЛ 330 кВ Ленинградская – Колпино II цепь (ДЗЛ) (7SD52);;без отключения;Б;;;;03:30 24.11.23;ЗРР;НПЛ;;00:30;;без отключения ЛЭП (оборудования)
12611;21915;МЭС Северо-Запада;РЗА.РЗ;;Не рассмотренная;ПС 330 кВ Колпино;Комплект защит №2 ВЛ 330 кВ Ленинградская – Колпино II цепь (ДЗЛ) (7SD52);;без отключения;Б;;;;03:30 24.11.23;ЗРР;НПЛ;;00:30;;без отключения ЛЭП (оборудования)
12612;21930;МЭС Северо-Запада;РЗА.РЗ;;Не рассмотренная;ПС 330 кВ Восточная;Комплект 1 основной защиты ВЛ 330 кВ Восточная – Звёздная (ДЗЛ, СЗ) (7SD52);;без отключения;Б;;;;03:30 24.11.23;ЗРР;НПЛ;;00:30;;без отключения ЛЭП (оборудования)
12613;21931;МЭС Северо-Запада;РЗА.РЗ;;Не рассмотренная;ПС 330 кВ Звёздная;Комплект 1 основной защиты ВЛ 330 кВ Восточная – Звёздная (ДЗЛ, СЗ) (7SD52);;без отключения;Б;;;;03:30 24.11.23;ЗРР;НПЛ;;00:30;;без отключения ЛЭП (оборудования)
12614;21918;МЭС Северо-Запада;РЗА.РЗ;;Не рассмотренная;ПС 750 кВ Ленинградская;КСЗ 1 комплект ВЛ 330 кВ Ленинградская – Чудово (ДЗ, ТЗНП, ЗНР) (7SA52);;без отключения;Б;;;;03:30 24.11.23;ЗРР;НПЛ;;00:30;;без отключения ЛЭП (оборудования)
12617;4814;Коми РДУ;СДТУ.СДТУ Н;;Не рассмотренная;ПС 500 кВ Вологодская;СДТУ направления Вологодское РДУ – ПС 500 кВ Вологодская;;с отключением;Пусто;;;;08:00 07.12.23;ВПр;НПЛ;;02:00;;с включением на ночь
12618;21110;Ленинградское РДУ;СДТУ.СДТУ Н;;Не рассмотренная;ПС 330 кВ Звёздная;СДТУ направления Ленинградское РДУ – ПС 330 кВ Звёздная;;без отключения;Пусто;;;;03:30 24.11.23;ЗРР;НПЛ;;08:00;; 
12619;4788;Коми РДУ;ЭНРГ.Б;;Не рассмотренная;Печорская ГРЭС;Блок 3;;с отключением;Пусто;;;;17:01 06.12.23;ХР;НПЛ;;ВЗ;; 
12620;21115;Ленинградское РДУ;РЗА;;Не рассмотренная;ПС 330 кВ Звёздная;Комплект РЗА №1 КВЛ 220 кВ Восточная – Чесменская с отпайкой на ПС Звёздная (ДЗЛ, ДЗ, ТЗНП, МФТО, ЗНР, АОПО);;без отключения;Б;;;;03:30 24.11.23;ВПр;НПЛ;;08:00;;без отключения ЛЭП (оборудования)
12621;21125;Ленинградское РДУ;РЗА.ПА.УПАСК;;Не рассмотренная;ПС 330 кВ Парнас;ПРД/ПРМ ПКУС №1 по ВОКС ПС 330 кВ Парнас – ПС 750 кВ Ленинградская;;с отключением;ТП ОДУ Северо-Запада №272.1.ПА от 14.09.2023 / №272.2.ПА от от 14.09.2023;;;;03:30 24.11.23;ВПр;НПЛ;;00:30;;без отключения ЛЭП (оборудования)
12622;21126;Ленинградское РДУ;РЗА.ПА.УПАСК;;Не рассмотренная;ПС 330 кВ Завод Ильич;ПРД/ПРМ ПКУС №4 по ВОКС ПС 330 кВ Завод Ильич – ПС 750 кВ Ленинградская, ПС 330 кВ Василеостровская;;без отключения;ТП ОДУ Северо-Запада №275.1.ПА от 14.09.2023 / №275.2.ПА от 14.09.2023;;;;03:30 24.11.23;ЗРР;НПЛ;;00:30;;без отключения ЛЭП (оборудования)
12637;0;ОДУ Северо-Запада;АСДУ.ПАК;;Не рассмотренная;ОДУ Северо-Запада;СК-Proxy;;без отключения;Пусто;;;;10:00 06.12.23;П;НПЛ;;00:30;; 
12639;6537;Новгородское РДУ;РЗА.РЗ;;Не рассмотренная;ПС 330 кВ Чудово;КСЗ ВЛ 330 кВ Ленинградская – Чудово (ДЗ, ТЗНП) (7SA52);;без отключения;Б от 24.11.23;;;;03:30 24.11.23;ЗРР;НПЛ;;00:30;;без отключения ЛЭП (оборудования)
12641;21020;МЭС Северо-Запада;РЗА.РЗ;;Не рассмотренная;ПС 330 кВ Василеостровская;ДЗШ 1 комплект 2 СШ 330 (7UT63);;с отключением;Б;;;;00:00 11.12.23;ВП;ПЛ;;01:00;;без отключения ЛЭП (оборудования)
12642;21490;МЭС Северо-Запада;РЗА.РЗ;;Не рассмотренная;ПС 750 кВ Ленинградская;КСЗ 2 комплект ВЛ 330 кВ Ленинградская – Звёздная II цепь (ДЗ, ТЗНП, ЗНР) (7SA52);;с отключением;Б;;;;06:00 11.12.23;ВП;НПЛ;;ВЗ;;без отключения ЛЭП (оборудования)
12643;5307;Архангельское РДУ;ЭНРГ.ТГ;;Не рассмотренная;Архангельская ТЭЦ;1ТГ;;с отключением;Пусто;;;;08:01 05.12.23;ТР;ПЛ;;ВЗ;; 
12645;21190;Ленинградское РДУ;РЗА;;Не рассмотренная;ПС 330 кВ Восточная;Комплект РЗА №1 КВЛ 220 кВ Восточная – Чесменская с отпайкой на ПС Звёздная (ДЗЛ, ДЗ, ТЗНП, МФТО, АОПО);;без отключения;Б;;;;03:30 24.11.23;ЗРР;НПЛ;;08:00;;без отключения ЛЭП (оборудования)
12647;21112;Ленинградское РДУ;ЛЭП.ЛЭП 330 кВ;;Не рассмотренная;Ленинградское ПМЭС;ВЛ 330 кВ Восточная – Звёздная;;с отключением;ТП №111, №112 от 07.12.2022;да;;;00:00 29.11.23;ТР;НПЛ;;08:00;Да; 
12648;20652;Ленинградское РДУ;СДТУ.СДТУ Н;;Не рассмотренная;ПС 220 кВ Колпинская;СДТУ направления Ленинградское РДУ – ПС 220 кВ Колпинская;;с отключением;П 2023-АСУ-2;;;;09:00 04.12.23;ВП;ПЛ;;01:00;;без отключения ЛЭП (оборудования)
12649;20651;Ленинградское РДУ;СДТУ.СДТУ Н;;Не рассмотренная;ПС 330 кВ Северная;СДТУ направления Ленинградское РДУ – ПС 330 кВ Северная;;с отключением;П 2023-АСУ-2;;;;09:00 04.12.23;ВП;ПЛ;;01:00;;без отключения ЛЭП (оборудования)
12650;20650;Ленинградское РДУ;СДТУ.СДТУ Н;;Не рассмотренная;ПС 330 кВ Волхов-Северная;СДТУ направления Ленинградское РДУ – ПС 330 кВ Волхов-Северная;;с отключением;П 2023-АСУ-2;;;;09:00 04.12.23;ВП;ПЛ;;01:00;;без отключения ЛЭП (оборудования)
12651;20649;Ленинградское РДУ;СДТУ.СДТУ Н;;Не рассмотренная;ПС 330 кВ Менделеевская;СДТУ направления Ленинградское РДУ – ПС 330 кВ Менделеевская;;с отключением;П 2023-АСУ-ТО2;;;;09:00 04.12.23;П;ПЛ;;01:00;;без отключения ЛЭП (оборудования)
12652;20648;Ленинградское РДУ;СДТУ.СДТУ Н;;Не рассмотренная;ПС 330 кВ Звёздная;СДТУ направления Ленинградское РДУ – ПС 330 кВ Звёздная;;с отключением;П 2023-АСУ-ТО-2;;;;09:00 04.12.23;П;ПЛ;;01:00;;без отключения ЛЭП (оборудования)
12653;20647;Ленинградское РДУ;СДТУ.СДТУ Н;;Не рассмотренная;ПС 330 кВ Василеостровская;СДТУ направления Ленинградское РДУ – ПС 330 кВ Василеостровская;;с отключением;П 2023-АСУ-ТО-В;;;;09:00 04.12.23;П;ПЛ;;01:00;;без отключения ЛЭП (оборудования)
12654;20831;Ленинградское РДУ;РЗА.ПА;;Не рассмотренная;ПС 330 кВ Звёздная;АОПО комплект №2 КВЛ 330 кВ Звёздная – Пулковская №1 и КЛ 330 кВ Звёздная – Пулковская №2;;с отключением;Б;;;;08:00 04.12.23;ВП;НПЛ;;04:00;;без отключения ЛЭП (оборудования)
12655;20640;Ленинградское РДУ;РЗА.ПА.УПАСК;;Не рассмотренная;ПС 330 кВ Звёздная;ПРМ/ПРД ПКУС №2 по ВОКС ПС 750 кВ Ленинградская – ПС 330 кВ Звёздная (ПРМ);;с отключением;П;;;;08:00 04.12.23;ТК;ПЛ;;04:00;;без отключения ЛЭП (оборудования)
12656;20830;Ленинградское РДУ;РЗА.РЗ;;Не рассмотренная;ПС 330 кВ Колпино;Комплект защит №1 ВЛ 330 кВ Ленинградская – Колпино I цепь (ДЗЛ, СЗ, ЗНР, АОПО) (7SD52);;с отключением;П;;;;06:00 04.12.23;ВПр;НПЛ;;00:30;;без отключения ЛЭП (оборудования)
14004;24968;Ленинградское РДУ;РЗА.ПА;;Не рассмотренная;ПС 330 кВ Тихвин-Литейный;АОПО АТ-5;;без отключения;Б;да;;;08:00 01.12.23;ЗРР;ПЛ;;00:30;; 
12657;20555;Ленинградское РДУ;РЗА.ПА;;Не рассмотренная;ПС 330 кВ Тихвин-Литейный;Комплект ПА №1 ВЛ 330 кВ Петрозаводск – Тихвин-Литейный (ФОЛ, АЛАР, АОПН, УРОВ АОПН) ;;с отключением;Б;;;;08:00 01.12.23;ВП;НПЛ;;02:00;;без отключения ЛЭП (оборудования)
12659;20827;Ленинградское РДУ;РЗА.РЗ;;Не рассмотренная;ПС 750 кВ Ленинградская;Комплект защит №1 ВЛ 330 кВ Ленинградская – Колпино I цепь (ДЗЛ, СЗ, ЗНР) (7SD52);;с отключением;П;;;;06:00 04.12.23;ВП;ПЛ;;02:00;;без отключения ЛЭП (оборудования)
12663;21123;Ленинградское РДУ;РЗА.ПА.УПАСК;;Не рассмотренная;ПС 750 кВ Ленинградская;ПРД/ПРМ ПКУС №3 по ВОКС ПС 750 кВ Ленинградская – ПС 330 кВ Центральная, ПС 330 кВ Парнас, ПС 330 кВ Завод Ильич, ПС 330 кВ Новосокольники, Псковская ГРЭС;;без отключения;ТП ОДУ Северо-Запада №272.1.ПА от 14.09.2023 / №272.2.ПА от от 14.09.2023;;;;03:30 24.11.23;ЗРР;НПЛ;;00:30;;без отключения ЛЭП (оборудования)
12664;21124;Ленинградское РДУ;РЗА.ПА.УПАСК;;Не рассмотренная;ПС 750 кВ Ленинградская;ПРД/ПРМ ПКУС №4 по ВОКС ПС 750 кВ Ленинградская – ПС 330 кВ Центральная, ПС 330 кВ Парнас, ПС 330 кВ Завод Ильич, ПС 330 кВ Новосокольники, Псковская ГРЭС;;без отключения;ТП ОДУ Северо-Запада №275.1.ПА от 14.09.2023 / №275.2.ПА от 14.09.2023;;;;03:30 24.11.23;ЗРР;НПЛ;;00:30;;без отключения ЛЭП (оборудования)
12665;21012;Ленинградское РДУ;ЭЛТ.АТ,Т.АТ,Т 330 кВ;;Не рассмотренная;ПС 330 кВ Ржевская;АТ-1;;с отключением;КП;да;;;00:00 30.11.23;ВПр;НПЛ;;ВЗ;; 
12666;6601;Карельское РДУ;ЭЛТ.Прочее ЭЛТ;;Не рассмотренная;ПС 220 кВ Костомукша (ПС 52);Ограничение режима работы ЭС Республики Карелия;;с отключением;Б;;;;08:00 30.11.23;ВПр;НПЛ;;04:00;; 
12667;6499;Карельское РДУ;РЗА.ПА;;Не рассмотренная;РП 330 кВ Борей;Комплект ПА №1 РП 330 кВ Борей (АОПН, АОСН) (ШЭЭ224 0103);;с отключением;ТБ;;;;08:00 04.12.23;ВП;ПЛ;;01:00;;без отключения ЛЭП (оборудования)
12668;6500;Карельское РДУ;РЗА.ПА;;Не рассмотренная;РП 330 кВ Борей;Комплект ПА №2 РП 330 кВ Борей (АОПН, АОСН) (ШЭЭ224 0103);;с отключением;ТБ;;;;08:00 11.12.23;ВП;ПЛ;;01:00;;без отключения ЛЭП (оборудования)
12669;6555;Карельское РДУ;СДТУ.СДТУ Н;;Не рассмотренная;РП 330 кВ Каменный Бор;СДТУ направления Карельское РДУ – РП 330 кВ Каменный Бор;;с отключением;Пусто;;;;08:00 05.12.23;К;ПЛ;;00:50;;с включением на ночь
12673;4830;Коми РДУ;ЭНРГ.ТГ;;Не рассмотренная;Воркутинская ТЭЦ-2;ТГ-1;;с отключением;Пусто;;;;00:00 01.12.23;ХР;НПЛ;;ВЗ;; 
12674;4792;Коми РДУ;ЭЛТ.В.В 220 кВ;;Не рассмотренная;Печорская ГРЭС;В АТ-5;;с отключением;Пусто;;;;13:01 06.12.23;ВКЛ;НПЛ;;00:10;; 
12676;4831;Коми РДУ;ЭНРГ.ТГ;;Не рассмотренная;Воркутинская ТЭЦ-2;ТГ-2;;с отключением;Пусто;;;;00:00 01.12.23;ХР;НПЛ;;ВЗ;; 
12677;4832;Коми РДУ;ЭНРГ.ТГ;;Не рассмотренная;Воркутинская ТЭЦ-2;ТГ-4;;с отключением;Пусто;;;;00:00 01.12.23;ХР;НПЛ;;ВЗ;; 
12678;21066;Ленинградское РДУ;ЭЛТ.СШ.СШ 330 кВ;;Не рассмотренная;ПС 330 кВ Ржевская;1Ш 330кВ;;с отключением;КП;;;;00:00 01.12.23;ВПр;НПЛ;;04:00;; 
12679;21065;Ленинградское РДУ;ЭЛТ.В.В 330 кВ;;Не рассмотренная;ПС 330 кВ Ржевская;В 330 АТ-3/АТ-2;;с отключением;КП;;;;00:00 01.12.23;ВКЛ;НПЛ;;ВЗ;; 
12680;21064;Ленинградское РДУ;ЭЛТ.В.В 330 кВ;;Не рассмотренная;ПС 330 кВ Ржевская;В 330 АТ-3/АТ-1;;с отключением;КП;;;;00:00 01.12.23;ВКЛ;НПЛ;;ВЗ;; 
12682;0;ОДУ Северо-Запада;АСДУ.ПАК;;Не рассмотренная;ОДУ Северо-Запада;ИУС «Система распространения плановых графиков» (ИУС СРПГ);;без отключения;Пусто;;;;08:30 11.12.23;ОПО;НПЛ;;00:30;; 
12683;0;ОДУ Северо-Запада;АСДУ.ПАК;;Не рассмотренная;ОДУ Северо-Запада;ОИК СК-11;;без отключения;КП;;;;08:00 06.12.23;ОПО;НПЛ;;00:30;; 
12684;0;ОДУ Северо-Запада;СДТУ.СДТУ Н;;Не рассмотренная;ОДУ Северо-Запада;СДТУ направления ОДУ Северо-Запада – Балтийское РДУ;;без отключения;Пусто;;;;02:00 30.11.23;К;НПЛ;;ВЗ;;без отключения ЛЭП (оборудования)
12685;6777;Кольское РДУ;ЭЛТ.Прочее ЭЛТ;;Не рассмотренная;ПС 150 кВ Заполярный (ПС 21);Ограничение режима работы ЭС Мурманской области;;с отключением;КП;;;;08:00 30.11.23;ВПр;НПЛ;;00:20;; 
12686;0;ОДУ Северо-Запада;АСДУ.ПАК;;Не рассмотренная;ОДУ Северо-Запада;СКАМ;;с отключением;Пусто;;;;08:00 01.12.23;ОПО;НПЛ;;00:30;; 
12687;0;ОДУ Северо-Запада;АСДУ.ПАК;;Не рассмотренная;ОДУ Северо-Запада;Автоматическая система сбора информации с регистраторов СМПР (АС СИ СМПР);;без отключения;Пусто;;;;08:00 01.12.23;ОПО;НПЛ;;00:30;; 
12688;0;ОДУ Северо-Запада;АСДУ.ПАК;;Не рассмотренная;ОДУ Северо-Запада;Расчет допустимых перетоков по сечениям различного оперативного подчинения и межуровневого обмена результатами расчетов для целей балансирующего рынка (СОДП БР);;с отключением;Пусто;;;;08:00 04.12.23;ОПО;НПЛ;;00:30;; 
12689;0;ОДУ Северо-Запада;АСДУ.ПАК;;Не рассмотренная;ОДУ Северо-Запада;ИУС ДЭБ;;без отключения;Пусто;;;;08:00 04.12.23;ОПО;НПЛ;;00:30;; 
12690;0;ОДУ Северо-Запада;СДТУ.СДТУ ДЦ;;Не рассмотренная;ОДУ Северо-Запада;СДТУ ОДУ Северо-Запада;;без отключения;Пусто;;;;09:00 04.12.23;ВПр;НПЛ;;00:20;; 
12691;1155;Киришская ГРЭС;ЭНРГ.Б;;Не рассмотренная;Киришская ГРЭС;Блок 6;;без отключения;Пусто;;;;00:01 29.11.23;ОГР;НПЛ;;ВЗ;; 
12692;373;Северо-Западная ТЭЦ;ЭНРГ.Б;;Не рассмотренная;Северо-Западная ТЭЦ;Блок 2;"Г-5 (ГТУ-21) Блок 2;
Г-6 (ГТУ-22) Блок 2;
Г-4 (ПТ-20) Блок 2";с отключением;Пусто;;;;00:01 02.12.23;ТР;НПЛ;;ВЗ;; 
12693;4812;Коми РДУ;СДТУ.СДТУ Н;;Не рассмотренная;ПС 220 кВ Печора;СДТУ направления Коми РДУ – ПС 220 кВ Печора;;без отключения;Пусто;;;;10:00 07.12.23;ВП;НПЛ;;00:30;; 
12694;21073;Ленинградское РДУ;ЭЛТ.СШ.СШ 330 кВ;;Не рассмотренная;ПС 330 кВ Ржевская;2Ш 330кВ;;с отключением;П;;;;00:00 03.12.23;РЕК;НПЛ;;04:00;; 
12695;21074;Ленинградское РДУ;ЭЛТ.В.В 330 кВ;;Не рассмотренная;ПС 330 кВ Ржевская;В Л-388/АТ-1;;с отключением;Б;;;;00:00 03.12.23;ВПр;НПЛ;;04:00;; 
12696;21075;Ленинградское РДУ;ЭЛТ.В.В 330 кВ;;Не рассмотренная;ПС 330 кВ Ржевская;В Л-388/АТ-2;;с отключением;Б;;;;00:00 03.12.23;БВР;НПЛ;;04:00;; 
12697;21072;Ленинградское РДУ;ЛЭП.ЛЭП 330 кВ;;Не рассмотренная;ПС 330 кВ Ржевская;КВЛ 330 кВ Восточная – Ржевская I цепь;;без отключения;Б;;;;00:00 03.12.23;ЗРР;НПЛ;;04:00;;не в транзите
12698;4789;Коми РДУ;ЭНРГ.Б;;Не рассмотренная;Печорская ГРЭС;Блок 3;;с отключением;Пусто;;;;08:01 11.12.23;ТР;ПЛ;;ВЗ;; 
12699;4848;Коми РДУ;СДТУ.СДТУ Н;;Не рассмотренная;ПС 220 кВ Усинская;СДТУ направления Коми РДУ – ПС 220 кВ Усинская;;без отключения;Пусто;;;;00:55 30.11.23;ВПр;НПЛ;;ВЗ;; 
12702;21228;Ленинградское РДУ;РЗА.ПА.УПАСК;;Не рассмотренная;Правобережная ТЭЦ (ТЭЦ-5);ПРМ/ПРД ПКУС №2 по ВОЛС ПС 750 кВ Ленинградская – Правобережная ТЭЦ (ТЭЦ-5) (ПРМ);;с отключением;П;;;;03:30 24.11.23;ВПр;НО;;08:00;;без отключения ЛЭП (оборудования)
